Age,Gender,Occupation,Days_Indoors,Growing_Stress,Quarantine_Frustrations,Changes_Habits,Mental_Health_History,Weight_Change,Mood_Swings,Coping_Struggles,Work_Interest,Social_Weakness,living_expenses,other_expenses,depressed
20-25,Female,Corporate,1-14 days,Yes,Yes,No,Yes,Yes,Medium,No,No,Yes,26692283,28203066,0
30-Above,Male,Others,31-60 days,Yes,Yes,Maybe,No,No,High,No,No,Yes,26692283,28203066,1
30-Above,Female,Student,Go out Every day,No,No,Yes,No,No,Medium,Yes,Maybe,No,26692283,28203066,0
25-30,Male,Others,1-14 days,Yes,No,Maybe,No,Maybe,Medium,No,Maybe,Yes,397715,44042267,0
16-20,Female,Student,More than 2 months,Yes,Yes,Yes,No,Yes,Medium,Yes,Maybe,No,80877619,74503502,0
25-30,Male,Housewife,More than 2 months,No,Yes,Yes,Yes,Yes,Medium,No,Maybe,Maybe,30696127,11531066,0
16-20,Female,Business,Go out Every day,Yes,Yes,Maybe,No,Yes,Low,No,Maybe,Maybe,66730708,10890451,1
25-30,Female,Student,1-14 days,Yes,No,Maybe,Maybe,Maybe,High,No,No,Yes,80076849,58456101,0
30-Above,Male,Others,Go out Every day,Yes,Yes,Yes,No,Yes,Medium,Yes,Maybe,Maybe,30162281,67184479,0
20-25,Male,Corporate,Go out Every day,Maybe,Maybe,Yes,Yes,Yes,Low,No,Maybe,No,26692283,28203066,0
16-20,Male,Others,31-60 days,No,Maybe,No,Maybe,No,Low,No,Maybe,Yes,26692283,28203066,1
30-Above,Female,Business,More than 2 months,Yes,Yes,No,No,Yes,High,No,No,Maybe,262919,30108896,0
25-30,Male,Others,15-30 days,Maybe,Yes,No,Yes,Yes,Medium,No,Maybe,No,10810375,498078,0
30-Above,Female,Housewife,15-30 days,Yes,Yes,Yes,No,No,Low,Yes,No,Maybe,21220366,10506083,0
30-Above,Female,Housewife,1-14 days,No,No,No,Maybe,Maybe,Medium,No,No,Maybe,34566505,72469551,1
16-20,Male,Corporate,More than 2 months,No,No,Maybe,Yes,Maybe,Medium,No,No,Maybe,38169963,37860336,0
16-20,Female,Student,1-14 days,Yes,Yes,Maybe,No,Yes,Medium,No,No,No,40705733,40278656,0
25-30,Female,Others,More than 2 months,Yes,Yes,Maybe,Maybe,Maybe,Medium,Yes,Maybe,Yes,26692283,28203066,0
30-Above,Male,Student,31-60 days,Maybe,No,Maybe,No,Yes,Medium,Yes,Yes,Maybe,26692283,28203066,0
16-20,Female,Student,1-14 days,Yes,Yes,Yes,No,Yes,High,No,Yes,Maybe,25357668,99295292,0
30-Above,Female,Housewife,Go out Every day,No,Maybe,No,No,Maybe,Medium,Yes,Yes,Maybe,26692283,28203066,1
16-20,Male,Housewife,15-30 days,No,Maybe,No,Yes,No,High,No,Maybe,No,16495831,42985252,1
30-Above,Female,Student,31-60 days,Yes,Maybe,No,Maybe,No,Medium,Yes,No,Maybe,49380727,30221003,0
16-20,Female,Student,1-14 days,No,Yes,Maybe,Yes,No,Low,No,Yes,Yes,18684598,23542593,1
20-25,Female,Business,More than 2 months,Maybe,No,Maybe,No,Yes,Medium,Yes,Yes,No,26692283,28203066,1
30-Above,Female,Housewife,1-14 days,Yes,Maybe,Maybe,Yes,Yes,Low,Yes,Maybe,Yes,53384566,67264552,0
30-Above,Male,Student,15-30 days,Yes,Maybe,No,Maybe,Maybe,Medium,No,Yes,Maybe,26692283,28203066,0
20-25,Male,Student,1-14 days,Yes,No,Maybe,No,Maybe,High,Yes,Maybe,No,15481524,41639961,0
20-25,Female,Others,1-14 days,Yes,Yes,Maybe,Maybe,Yes,High,Yes,No,Yes,26692283,28203066,0
30-Above,Female,Student,31-60 days,No,Yes,No,Yes,No,Low,No,No,Maybe,26692283,28203066,0
30-Above,Male,Business,More than 2 months,Yes,Maybe,No,Maybe,Maybe,Medium,No,Maybe,Yes,26692283,28203066,0
30-Above,Female,Corporate,Go out Every day,Maybe,Maybe,No,Maybe,Maybe,Medium,No,No,Yes,30696127,39557964,0
25-30,Female,Business,1-14 days,Yes,No,No,No,Yes,Medium,No,No,Maybe,60057635,28909344,0
20-25,Female,Business,15-30 days,Maybe,Yes,No,No,No,Low,No,No,No,26692283,28203066,0
16-20,Female,Student,Go out Every day,Maybe,No,Maybe,Yes,Maybe,High,Yes,No,Yes,77407622,15086478,0
16-20,Male,Business,31-60 days,Yes,Yes,Maybe,No,Maybe,Medium,No,Yes,Yes,11611143,28026898,0
20-25,Male,Corporate,15-30 days,Yes,Yes,Yes,No,Maybe,Low,Yes,No,Maybe,28694205,52049952,0
16-20,Male,Corporate,15-30 days,Yes,Yes,Maybe,No,Maybe,Medium,No,Maybe,Maybe,48046112,28187052,0
25-30,Female,Others,31-60 days,Yes,Yes,Maybe,Yes,No,High,Yes,Yes,No,26692283,28203066,0
30-Above,Female,Housewife,Go out Every day,Maybe,Maybe,No,Maybe,Maybe,High,Yes,Yes,Yes,37369196,88084536,1
30-Above,Female,Business,31-60 days,No,No,Maybe,No,No,Low,Yes,No,Maybe,26692283,28203066,0
30-Above,Female,Corporate,Go out Every day,Yes,Maybe,No,Maybe,Yes,Low,Yes,No,No,41373043,16623955,0
25-30,Female,Housewife,31-60 days,Yes,No,No,Maybe,Yes,Medium,No,Yes,No,26692283,28203066,1
20-25,Male,Student,More than 2 months,No,Maybe,Maybe,No,Yes,High,No,Yes,Yes,26158438,3867712,0
20-25,Female,Business,31-60 days,Yes,Yes,No,Yes,No,Low,Yes,Maybe,Maybe,25357668,87283764,0
20-25,Female,Corporate,Go out Every day,Maybe,Yes,Yes,Maybe,Yes,High,No,Maybe,No,26692283,28203066,0
20-25,Male,Housewife,15-30 days,Yes,No,Maybe,No,No,Medium,No,Maybe,Yes,13346142,86483002,0
25-30,Female,Student,More than 2 months,Yes,No,No,Maybe,Yes,Medium,No,No,Yes,26692283,28203066,1
20-25,Male,Student,1-14 days,Maybe,Yes,Yes,Maybe,Yes,High,No,No,No,15881909,81838539,1
16-20,Female,Others,More than 2 months,No,No,Yes,No,Maybe,Low,Yes,Maybe,No,66730708,17616907,1
25-30,Female,Student,15-30 days,Maybe,Yes,Yes,Yes,Yes,High,Yes,No,No,36034582,15695063,0
30-Above,Female,Student,More than 2 months,Maybe,No,Maybe,No,Maybe,Low,Yes,Maybe,Yes,66730708,23382441,0
16-20,Male,Others,More than 2 months,Yes,Yes,Yes,Yes,Maybe,Low,Yes,No,No,20019212,32030739,0
30-Above,Male,Others,31-60 days,No,Yes,No,Yes,Maybe,Low,Yes,Maybe,No,26692283,28203066,0
30-Above,Male,Others,More than 2 months,Maybe,No,Yes,No,Maybe,High,No,Yes,No,26692283,28203066,0
16-20,Female,Corporate,Go out Every day,No,Yes,No,Yes,No,Medium,No,Maybe,No,26692283,42280579,0
16-20,Male,Student,Go out Every day,Maybe,Maybe,No,Maybe,Maybe,High,Yes,Yes,Maybe,53384566,38757195,0
25-30,Male,Others,1-14 days,Maybe,Maybe,Yes,Yes,Yes,Low,No,No,Maybe,10676913,16976292,0
30-Above,Male,Others,1-14 days,No,Maybe,No,Yes,Maybe,Low,No,No,No,24690363,19762967,0
20-25,Male,Student,31-60 days,Maybe,No,No,Yes,Maybe,Low,Yes,Maybe,Yes,26692283,28203066,0
16-20,Female,Housewife,Go out Every day,No,Yes,Maybe,Maybe,Maybe,Low,No,Maybe,No,26692283,18097368,1
25-30,Male,Corporate,15-30 days,Maybe,Maybe,No,No,Yes,Medium,Yes,Yes,No,46711496,10217806,0
20-25,Female,Business,More than 2 months,No,No,Maybe,Maybe,No,Low,No,No,Yes,30696127,26905821,0
16-20,Male,Student,Go out Every day,Yes,Yes,No,Maybe,Yes,High,Yes,Maybe,Yes,62193022,57735409,0
30-Above,Male,Housewife,15-30 days,Maybe,Maybe,Yes,Yes,Yes,Low,No,Yes,No,34032662,90486841,0
30-Above,Male,Business,More than 2 months,Maybe,No,Maybe,Maybe,Yes,Low,No,Maybe,No,77407622,45355526,0
25-30,Female,Others,More than 2 months,Yes,Yes,No,No,Maybe,Medium,Yes,Maybe,Yes,48179574,41736053,0
25-30,Female,Corporate,1-14 days,Yes,Yes,Maybe,Maybe,Yes,Medium,Yes,Maybe,Yes,15614985,2234144,0
20-25,Male,Housewife,Go out Every day,Maybe,Yes,No,Maybe,No,High,Yes,No,Maybe,3203074,3411274,1
25-30,Male,Housewife,31-60 days,Maybe,Yes,No,Maybe,Maybe,Low,No,No,No,26692283,28203066,1
30-Above,Male,Housewife,More than 2 months,Maybe,No,No,Maybe,No,Medium,No,No,Yes,21353827,19218444,0
25-30,Male,Corporate,Go out Every day,Maybe,Yes,Maybe,Maybe,No,Low,Yes,Maybe,No,46711496,14894294,0
25-30,Female,Corporate,More than 2 months,Yes,No,Maybe,Maybe,Maybe,Low,Yes,No,Maybe,26692283,28203066,1
16-20,Male,Corporate,31-60 days,No,Maybe,Yes,Maybe,No,Medium,No,No,Yes,26692283,28203066,1
25-30,Female,Housewife,15-30 days,No,Maybe,Yes,No,Maybe,High,Yes,No,No,66730708,34593201,1
20-25,Female,Business,31-60 days,Yes,Maybe,Yes,Maybe,Maybe,Low,Yes,Yes,Yes,93422991,481422,0
30-Above,Female,Housewife,15-30 days,No,No,Yes,No,No,High,No,Yes,Maybe,26692283,28203066,0
30-Above,Female,Corporate,31-60 days,Maybe,No,Maybe,No,Maybe,High,No,Maybe,No,23355746,28026898,1
20-25,Male,Housewife,Go out Every day,No,Yes,Maybe,Yes,No,High,No,Yes,No,12411911,3203074,0
30-Above,Male,Business,31-60 days,Yes,Yes,Maybe,No,Yes,Medium,Yes,Maybe,Maybe,23355746,32911587,0
25-30,Female,Housewife,1-14 days,Yes,Maybe,No,Yes,No,Low,Yes,No,No,16082102,20819981,0
30-Above,Female,Corporate,More than 2 months,Yes,No,Yes,No,Maybe,Medium,No,No,No,20286135,36354889,1
16-20,Female,Student,15-30 days,Yes,Maybe,Maybe,Maybe,Maybe,High,No,No,Maybe,10009606,11531066,0
30-Above,Male,Corporate,More than 2 months,Maybe,Maybe,Yes,Maybe,No,Medium,No,Yes,Maybe,26692283,172966,1
30-Above,Female,Corporate,31-60 days,Yes,No,Maybe,Maybe,Yes,High,No,Yes,Maybe,26692283,28203066,0
16-20,Male,Corporate,Go out Every day,No,Maybe,Yes,Maybe,No,Low,No,Maybe,Yes,80076849,13933372,0
20-25,Female,Student,Go out Every day,No,Maybe,No,No,No,Low,No,Maybe,Yes,26692283,28203066,1
25-30,Female,Others,31-60 days,Maybe,No,Maybe,Maybe,No,High,Yes,Yes,Yes,10143068,30669434,0
25-30,Male,Others,15-30 days,Yes,Maybe,Yes,Maybe,Yes,High,No,No,Maybe,12011528,22581671,0
30-Above,Female,Business,15-30 days,Maybe,Maybe,Yes,No,Maybe,High,Yes,Yes,Yes,3203074,17937214,1
30-Above,Female,Housewife,15-30 days,No,Maybe,Yes,Yes,Maybe,Medium,Yes,No,Maybe,15267985,99295292,0
16-20,Male,Housewife,1-14 days,No,Maybe,No,Maybe,No,Medium,No,Yes,No,26692283,70467629,0
30-Above,Female,Housewife,1-14 days,Maybe,Maybe,Yes,No,No,Low,Yes,Maybe,No,26692283,28203066,1
20-25,Female,Housewife,15-30 days,Yes,No,Maybe,Yes,Maybe,Medium,No,Yes,No,16682677,45884033,0
25-30,Female,Others,31-60 days,No,Yes,Yes,Maybe,No,Medium,No,No,Maybe,66730708,3763612,0
16-20,Female,Housewife,31-60 days,Maybe,Maybe,No,Yes,Yes,High,No,Maybe,Maybe,26692283,28203066,0
30-Above,Male,Corporate,Go out Every day,Maybe,No,Maybe,Yes,No,High,No,Maybe,Yes,13346142,5925687,0
16-20,Male,Student,Go out Every day,Yes,Maybe,Yes,No,Maybe,High,Yes,Yes,Maybe,10863759,24807808,1
30-Above,Female,Corporate,15-30 days,Maybe,Yes,Maybe,No,Maybe,High,Yes,Yes,No,26692283,28203066,0
16-20,Male,Corporate,31-60 days,No,No,Yes,Maybe,Maybe,Medium,Yes,Yes,Yes,26692283,28203066,0
25-30,Female,Business,More than 2 months,Yes,Yes,No,Yes,No,Medium,No,Yes,Maybe,10676913,13933372,0
16-20,Male,Corporate,More than 2 months,No,Yes,Maybe,Maybe,No,High,Yes,Yes,No,34032662,39718117,0
20-25,Female,Corporate,More than 2 months,Maybe,Maybe,Yes,No,Maybe,Medium,Yes,Maybe,Yes,24690363,24263285,1
30-Above,Female,Corporate,15-30 days,Yes,Maybe,Yes,No,Maybe,Low,Yes,Yes,Yes,14013449,30108896,0
30-Above,Female,Housewife,Go out Every day,Yes,Yes,No,No,Maybe,High,No,Maybe,No,26692283,28203066,0
20-25,Male,Student,Go out Every day,No,No,Yes,Yes,Yes,Medium,No,No,Maybe,51382647,34593201,0
16-20,Female,Business,More than 2 months,Yes,Maybe,Yes,Maybe,Yes,Low,No,Maybe,Maybe,14547294,11611143,1
25-30,Male,Housewife,15-30 days,Yes,Maybe,No,No,No,Low,No,Yes,Yes,93422985,5925687,1
30-Above,Female,Others,15-30 days,Maybe,No,Yes,Yes,Yes,Low,Yes,No,Yes,80076849,43241501,0
16-20,Female,Housewife,Go out Every day,Maybe,Yes,Yes,Maybe,No,High,Yes,Yes,No,26692283,28203066,0
16-20,Male,Others,1-14 days,No,Maybe,Maybe,Maybe,Maybe,High,No,No,Maybe,26692283,28203066,0
16-20,Male,Business,Go out Every day,Maybe,No,Yes,No,Yes,Medium,Yes,No,Yes,26692283,28203066,0
16-20,Male,Housewife,31-60 days,Yes,Yes,Yes,Yes,Maybe,Low,No,No,Maybe,17383348,79756546,0
20-25,Male,Student,1-14 days,Yes,Yes,Yes,No,No,Medium,No,Maybe,Yes,26692283,28203066,0
16-20,Female,Business,15-30 days,Maybe,No,Yes,No,Yes,Low,Yes,No,Yes,26692283,28203066,0
25-30,Female,Business,Go out Every day,No,Yes,No,Yes,No,Low,Yes,Yes,No,26692283,28203066,0
25-30,Female,Others,Go out Every day,Maybe,No,Maybe,No,No,Low,Yes,No,Yes,26692283,22101212,1
16-20,Female,Business,1-14 days,No,No,Maybe,Yes,Maybe,High,No,Yes,Yes,13346142,44010239,1
16-20,Male,Others,More than 2 months,Yes,No,No,Maybe,Yes,Low,Yes,No,No,41373043,24631639,1
16-20,Female,Housewife,More than 2 months,Yes,Yes,Yes,Maybe,Maybe,Medium,Yes,Yes,Maybe,35367274,65983322,0
30-Above,Male,Corporate,31-60 days,Yes,No,Maybe,Maybe,Maybe,Low,No,No,Yes,20019212,2898782,0
25-30,Male,Student,31-60 days,Yes,Yes,Yes,No,Yes,Low,No,Yes,No,73403776,2057975,0
16-20,Male,Corporate,More than 2 months,Yes,Yes,Maybe,No,Maybe,High,No,Maybe,Maybe,26692283,28203066,1
30-Above,Male,Others,More than 2 months,No,No,No,No,No,High,No,Yes,No,26692283,28203066,0
16-20,Female,Corporate,1-14 days,Yes,Yes,Maybe,Maybe,No,High,No,Yes,Maybe,40038425,12684173,0
25-30,Female,Student,Go out Every day,Yes,Maybe,Yes,Yes,Yes,Medium,Yes,Maybe,Maybe,1601537,49199215,0
30-Above,Female,Student,1-14 days,Yes,Maybe,Yes,No,No,Low,Yes,No,Yes,32698047,1145099,0
20-25,Female,Business,More than 2 months,Maybe,No,Yes,Yes,No,Medium,Yes,Yes,No,30295742,41239578,0
16-20,Male,Business,15-30 days,Yes,Maybe,Yes,Yes,Maybe,High,Yes,Yes,No,18684598,16848169,0
30-Above,Male,Student,31-60 days,No,Yes,Maybe,Yes,Yes,Low,No,No,Maybe,10276529,80076847,0
20-25,Female,Student,More than 2 months,Maybe,No,No,No,No,Low,Yes,Yes,Yes,60057635,20980135,1
20-25,Female,Student,31-60 days,No,Maybe,No,Yes,Yes,High,No,Yes,No,26692283,28203066,0
16-20,Male,Student,15-30 days,Maybe,Yes,Yes,Yes,Maybe,High,Yes,No,Yes,1134422,10970528,0
30-Above,Male,Housewife,31-60 days,Yes,Maybe,Maybe,Maybe,Maybe,Low,Yes,Yes,Maybe,26692283,28203066,0
16-20,Male,Housewife,More than 2 months,Maybe,Yes,No,No,No,Low,Yes,Maybe,No,26692283,28203066,0
30-Above,Male,Student,Go out Every day,Yes,Maybe,Yes,No,No,Medium,Yes,Maybe,Yes,45376882,52930798,0
20-25,Male,Others,31-60 days,Maybe,Yes,No,No,Yes,Medium,Yes,Maybe,Yes,73403783,23542593,0
20-25,Female,Student,Go out Every day,Maybe,Yes,Maybe,Maybe,No,Low,Yes,Yes,Yes,62726867,27706591,0
20-25,Female,Student,15-30 days,No,Yes,Maybe,Maybe,Yes,Low,No,Maybe,Yes,26692283,28203066,1
16-20,Female,Corporate,15-30 days,No,No,Maybe,No,No,Low,No,Yes,Yes,26692283,28203066,0
16-20,Female,Housewife,More than 2 months,No,Maybe,No,Maybe,Yes,Low,Yes,Yes,Maybe,26692283,28203066,0
25-30,Female,Others,More than 2 months,No,No,Yes,No,No,High,Yes,No,Yes,12144989,29292112,0
25-30,Male,Housewife,More than 2 months,Yes,No,Maybe,Yes,Yes,Medium,Yes,Maybe,Yes,26692283,28203066,0
30-Above,Female,Student,15-30 days,Maybe,Maybe,Maybe,No,Maybe,Medium,No,No,No,26692283,1601537,0
25-30,Female,Business,15-30 days,Yes,No,Maybe,Maybe,No,High,No,No,No,26692283,28203066,0
25-30,Female,Corporate,More than 2 months,Maybe,Yes,Yes,Maybe,No,High,No,Maybe,Maybe,26692283,28203066,0
25-30,Male,Corporate,31-60 days,No,Maybe,Maybe,No,No,Low,Yes,No,Maybe,13346142,85522079,1
30-Above,Male,Housewife,1-14 days,Yes,Yes,Yes,Yes,Maybe,Low,Yes,Yes,Yes,33365355,12892373,0
16-20,Female,Business,31-60 days,No,Yes,No,Maybe,No,High,No,Maybe,Maybe,26692283,28203066,1
25-30,Female,Student,Go out Every day,Maybe,Maybe,Yes,Yes,Maybe,High,Yes,Maybe,No,13346142,7703393,0
25-30,Male,Others,31-60 days,No,Maybe,Yes,Yes,No,Medium,No,No,No,26692283,28203066,0
25-30,Male,Others,31-60 days,Maybe,Maybe,Maybe,Maybe,Maybe,High,No,No,Maybe,80076847,3411274,0
16-20,Male,Corporate,15-30 days,Yes,Maybe,Yes,Yes,Maybe,Low,Yes,Yes,No,26692283,28203066,0
30-Above,Female,Others,31-60 days,Maybe,Maybe,Yes,Maybe,Maybe,Low,Yes,Yes,No,26692283,28203066,0
20-25,Male,Housewife,1-14 days,Yes,No,No,No,Yes,Low,No,Maybe,Yes,36034584,47245342,1
30-Above,Male,Business,31-60 days,Maybe,Maybe,Yes,No,Yes,Low,Yes,Maybe,No,37369196,55813564,0
25-30,Male,Housewife,Go out Every day,Yes,No,Yes,Yes,No,High,No,Yes,Yes,26692283,28203066,0
30-Above,Female,Housewife,Go out Every day,Yes,Yes,Maybe,Yes,Yes,Medium,No,Yes,Maybe,26692283,28203066,0
16-20,Female,Business,Go out Every day,Maybe,Maybe,Yes,Yes,Maybe,Low,Yes,Yes,No,26692283,28203066,0
20-25,Male,Others,1-14 days,No,Maybe,No,Yes,Yes,Low,No,Maybe,No,13346142,1473414,0
16-20,Male,Corporate,1-14 days,Yes,Yes,No,Yes,Yes,Medium,Yes,Maybe,Maybe,26692283,28203066,0
20-25,Male,Housewife,Go out Every day,Yes,Maybe,Yes,Yes,Maybe,Medium,No,Yes,Yes,17883829,31870586,0
16-20,Female,Housewife,31-60 days,Maybe,Maybe,Yes,No,Yes,High,Yes,Maybe,No,19351906,93689919,1
25-30,Female,Business,Go out Every day,Yes,Yes,Maybe,Maybe,Yes,Low,Yes,No,No,20019212,21140289,0
20-25,Female,Housewife,1-14 days,Yes,Yes,Yes,No,No,High,Yes,No,No,30028818,81678391,0
25-30,Male,Student,31-60 days,Maybe,Yes,Yes,No,Maybe,Medium,Yes,No,Yes,80076847,39557964,0
25-30,Female,Business,Go out Every day,Yes,Yes,Maybe,No,Yes,Low,Yes,Maybe,Maybe,53384566,19538752,0
20-25,Male,Business,31-60 days,No,Maybe,Yes,Maybe,No,Low,No,Maybe,No,25357668,13773218,1
20-25,Female,Housewife,Go out Every day,Yes,Yes,Yes,No,Yes,High,No,Maybe,Maybe,26692283,28203066,0
30-Above,Male,Corporate,15-30 days,Yes,Maybe,No,No,Maybe,High,Yes,Maybe,No,23382441,3074951,1
25-30,Male,Corporate,15-30 days,Maybe,Yes,No,No,Yes,Medium,No,No,Yes,26692283,28203066,0
20-25,Male,Corporate,More than 2 months,Yes,Yes,Maybe,Yes,Maybe,Medium,No,No,Maybe,26692283,28203066,0
30-Above,Female,Housewife,1-14 days,Yes,Maybe,Maybe,Yes,Maybe,High,No,No,Yes,10676913,21300442,0
30-Above,Female,Business,Go out Every day,Maybe,Yes,Yes,No,Maybe,Low,No,Yes,No,13346142,67264552,0
30-Above,Male,Housewife,1-14 days,No,Maybe,No,Maybe,Yes,Medium,Yes,Yes,No,26692283,28203066,0
20-25,Male,Others,Go out Every day,No,Yes,Maybe,Yes,No,Low,Yes,Maybe,Maybe,35233815,10233822,0
25-30,Male,Business,Go out Every day,Maybe,Yes,No,Yes,No,Low,Yes,Yes,No,80076849,45163342,0
25-30,Female,Corporate,Go out Every day,Maybe,No,Yes,Maybe,Maybe,Low,Yes,Yes,No,77007241,51008953,0
16-20,Female,Housewife,1-14 days,No,Maybe,Yes,Maybe,Maybe,Medium,No,No,Maybe,26692283,28203066,0
20-25,Female,Housewife,15-30 days,Yes,Maybe,No,Maybe,Maybe,Low,Yes,No,Yes,1601537,48846879,0
30-Above,Female,Corporate,1-14 days,Yes,Yes,Maybe,No,Maybe,Medium,No,Yes,No,16549217,96092224,0
25-30,Female,Others,More than 2 months,Maybe,Yes,No,Yes,No,Low,No,Yes,No,28026898,26905821,0
16-20,Male,Corporate,More than 2 months,Maybe,Yes,Maybe,Yes,Maybe,Low,No,Maybe,Yes,26692283,28203066,1
16-20,Male,Business,More than 2 months,Yes,No,Yes,Maybe,Maybe,Medium,No,Maybe,Maybe,37369194,57975639,0
16-20,Female,Student,1-14 days,No,Yes,Yes,Maybe,No,Low,Yes,Maybe,Maybe,10943837,24343363,0
25-30,Male,Others,1-14 days,Maybe,Yes,Maybe,Yes,Maybe,Medium,Yes,Yes,Maybe,6005764,10570145,0
20-25,Female,Corporate,1-14 days,No,Maybe,Yes,Maybe,Maybe,High,Yes,Yes,No,26692283,33632276,0
20-25,Female,Others,31-60 days,Maybe,Maybe,Yes,Yes,No,High,No,Maybe,Yes,25357668,19378597,0
30-Above,Female,Corporate,31-60 days,Yes,Yes,Yes,Maybe,Maybe,Medium,Yes,Yes,No,26692283,28203066,0
30-Above,Male,Others,Go out Every day,No,No,Yes,No,Yes,High,No,Maybe,Maybe,2162075,72069163,0
30-Above,Female,Business,Go out Every day,No,No,Yes,Yes,Maybe,High,Yes,Maybe,Yes,26692283,28203066,0
25-30,Female,Others,15-30 days,Maybe,Maybe,Maybe,No,No,Low,No,Maybe,Maybe,26692283,12251758,0
20-25,Female,Business,15-30 days,Yes,Yes,No,No,Yes,Medium,Yes,No,Yes,97426834,19218445,0
30-Above,Male,Business,More than 2 months,Maybe,Maybe,No,Yes,No,Medium,Yes,No,Maybe,12011528,26505438,0
30-Above,Male,Others,15-30 days,Maybe,Yes,No,Yes,Maybe,Medium,No,No,Yes,10009606,17616907,0
25-30,Female,Others,More than 2 months,Maybe,Maybe,Yes,Yes,No,Low,Yes,Maybe,Maybe,16682677,24023054,0
30-Above,Female,Corporate,More than 2 months,Maybe,Yes,Yes,Maybe,Yes,Medium,No,Yes,No,18684598,43401653,0
20-25,Female,Business,1-14 days,Yes,Maybe,Yes,No,Maybe,Low,No,Yes,Maybe,1601537,172966,0
25-30,Male,Others,31-60 days,Maybe,No,Maybe,No,Yes,Low,Yes,Yes,Yes,53384566,42921192,0
20-25,Female,Others,31-60 days,Maybe,Maybe,Yes,Maybe,Yes,Medium,No,Yes,No,53384566,2898782,0
16-20,Male,Business,Go out Every day,No,Yes,Yes,Yes,Yes,Low,Yes,Maybe,Maybe,26692283,28203066,0
25-30,Male,Student,1-14 days,Maybe,Maybe,Yes,Maybe,Yes,High,Yes,No,No,26692283,28203066,1
16-20,Male,Corporate,1-14 days,Yes,Yes,Maybe,Maybe,Maybe,Low,Yes,Yes,Maybe,26692283,28203066,0
20-25,Male,Student,More than 2 months,Maybe,Maybe,No,Maybe,No,Low,No,Maybe,Maybe,21086905,58456101,0
25-30,Male,Corporate,1-14 days,Yes,Maybe,No,Maybe,Maybe,High,Yes,Yes,Maybe,10409991,98686707,0
25-30,Female,Student,1-14 days,No,Yes,No,Maybe,Maybe,High,No,Yes,Yes,26692283,28203066,0
25-30,Male,Housewife,Go out Every day,Maybe,Yes,No,Yes,No,High,No,No,Maybe,26692283,28203066,0
25-30,Male,Housewife,15-30 days,No,Maybe,No,No,Yes,High,Yes,Yes,No,26692283,28203066,0
16-20,Female,Others,15-30 days,Maybe,Yes,No,Yes,No,Low,Yes,No,Yes,26692283,28203066,0
30-Above,Female,Business,31-60 days,No,No,Maybe,Yes,No,Low,Yes,Maybe,Yes,16682677,10602175,0
20-25,Male,Others,15-30 days,Yes,No,Yes,Yes,Maybe,Low,Yes,Yes,Yes,18497753,57495178,0
30-Above,Male,Business,31-60 days,Maybe,Yes,Maybe,Maybe,Maybe,Low,No,Maybe,Yes,11210759,22261364,0
25-30,Female,Corporate,15-30 days,No,Yes,Yes,Yes,Maybe,Low,Yes,Maybe,Maybe,26692283,28203066,0
16-20,Female,Housewife,Go out Every day,Yes,Yes,Yes,Maybe,No,Medium,No,No,Yes,21433905,26841761,1
25-30,Male,Corporate,31-60 days,No,Yes,No,Yes,Maybe,High,Yes,No,No,26692283,28203066,1
25-30,Male,Business,1-14 days,No,Maybe,No,No,Maybe,High,No,No,Maybe,25624592,49487492,0
25-30,Male,Housewife,15-30 days,No,Yes,Yes,Maybe,Maybe,Medium,Yes,Yes,Maybe,33365355,12652143,0
16-20,Male,Student,15-30 days,Maybe,Yes,No,No,Yes,Low,No,No,Yes,26692283,28203066,0
25-30,Male,Housewife,1-14 days,No,Yes,Yes,Maybe,Yes,Medium,Yes,Maybe,Maybe,26692283,24023056,0
16-20,Female,Student,31-60 days,Maybe,Maybe,No,No,No,Medium,No,No,Yes,70067245,94490681,0
30-Above,Female,Corporate,15-30 days,No,Maybe,Maybe,Yes,Yes,Medium,Yes,Maybe,Yes,17349985,46925034,0
25-30,Female,Corporate,More than 2 months,No,Maybe,No,Yes,Maybe,Medium,Yes,Yes,No,1508114,19298521,0
16-20,Male,Corporate,More than 2 months,Yes,Yes,Yes,Maybe,Maybe,Low,No,No,Maybe,80076847,8664315,0
20-25,Male,Student,More than 2 months,Yes,No,Yes,Maybe,No,High,No,No,Yes,18684598,16655985,0
20-25,Male,Corporate,Go out Every day,No,Yes,Maybe,Maybe,Maybe,Low,No,No,No,28961128,21220366,0
30-Above,Female,Student,31-60 days,Yes,Maybe,No,Maybe,Yes,Low,No,Yes,No,26692283,32671356,0
25-30,Male,Corporate,Go out Every day,Yes,No,No,Yes,No,Medium,No,No,Maybe,26692283,28203066,0
20-25,Male,Student,More than 2 months,Yes,Maybe,Yes,Yes,Yes,Low,Yes,Maybe,No,40038424,41880192,0
30-Above,Female,Student,31-60 days,Maybe,Maybe,Yes,Maybe,No,Medium,Yes,Maybe,No,26692283,28203066,0
30-Above,Male,Business,31-60 days,Maybe,No,No,Maybe,Maybe,Medium,No,No,No,33365355,24775778,0
16-20,Female,Housewife,1-14 days,Yes,Yes,Maybe,Yes,No,High,Yes,Yes,Maybe,66730709,89205612,0
25-30,Female,Business,More than 2 months,Maybe,Maybe,Maybe,Maybe,Yes,Low,Yes,Maybe,Maybe,26692283,28203066,0
30-Above,Female,Others,1-14 days,No,Maybe,Yes,Maybe,Maybe,Medium,No,Maybe,Maybe,26692283,48046112,0
20-25,Female,Business,Go out Every day,Maybe,No,Maybe,No,Yes,Low,Yes,Maybe,Yes,26692283,28203066,0
20-25,Male,Corporate,More than 2 months,Yes,No,Maybe,Yes,Maybe,Medium,Yes,Yes,Maybe,26692283,28203066,0
30-Above,Male,Student,31-60 days,No,Maybe,Maybe,Maybe,Yes,High,No,No,Maybe,40038425,32030739,0
16-20,Female,Others,31-60 days,Yes,Maybe,No,Maybe,No,Low,No,Yes,No,72069162,19378597,0
16-20,Female,Housewife,Go out Every day,Yes,No,Maybe,No,No,High,Yes,No,No,26692283,28203066,1
25-30,Male,Others,1-14 days,No,No,Maybe,Maybe,Yes,High,Yes,Yes,No,24023056,18417675,0
25-30,Male,Business,More than 2 months,Maybe,Maybe,Yes,Yes,Yes,Medium,Yes,No,No,44309193,24823824,0
16-20,Female,Others,1-14 days,Yes,Yes,No,Yes,Maybe,High,Yes,Yes,No,66063399,36194736,0
30-Above,Female,Student,Go out Every day,Yes,Maybe,Yes,Maybe,Yes,Medium,Yes,No,Maybe,26692283,20819981,0
30-Above,Male,Student,31-60 days,Maybe,Yes,No,No,No,High,Yes,Maybe,Maybe,26692283,28203066,0
20-25,Male,Corporate,1-14 days,Maybe,Yes,Yes,Maybe,Yes,Low,No,No,Yes,26692283,28203066,0
16-20,Female,Student,15-30 days,No,Maybe,No,Yes,No,Low,No,Maybe,No,56053796,14413833,0
30-Above,Female,Student,31-60 days,Maybe,No,Yes,No,Maybe,Low,Yes,Yes,Yes,69399939,26137083,1
25-30,Male,Business,Go out Every day,No,Yes,Yes,No,Yes,Medium,Yes,Yes,Maybe,13346142,67264557,1
16-20,Female,Corporate,More than 2 months,Yes,Yes,Yes,No,Maybe,Low,Yes,Maybe,Maybe,26692283,28203066,0
30-Above,Female,Student,Go out Every day,No,Maybe,No,Yes,Maybe,High,No,No,No,13613064,23702747,0
30-Above,Male,Housewife,Go out Every day,No,Yes,Yes,No,Maybe,Medium,No,Yes,Maybe,46711493,22357456,0
30-Above,Male,Others,31-60 days,Maybe,Maybe,Yes,Maybe,Yes,Low,Yes,Yes,No,41373043,34913507,1
16-20,Male,Corporate,More than 2 months,Maybe,No,Yes,Maybe,Maybe,Medium,No,Yes,No,12011527,14093526,0
20-25,Female,Student,More than 2 months,Yes,Yes,Maybe,Maybe,Maybe,High,No,Maybe,No,26692283,92889147,0
20-25,Male,Business,15-30 days,Yes,No,No,Maybe,No,Low,No,Yes,No,17349985,59256868,1
25-30,Female,Housewife,More than 2 months,No,Maybe,No,Yes,Maybe,High,No,Maybe,No,93422994,68465706,0
30-Above,Female,Others,31-60 days,Maybe,Maybe,No,Yes,Maybe,Low,Yes,Maybe,No,46711496,26745668,0
20-25,Male,Housewife,1-14 days,Maybe,No,Yes,Yes,Maybe,Medium,No,Maybe,No,15481524,78315158,0
25-30,Female,Housewife,1-14 days,Yes,Maybe,Yes,Yes,Maybe,Medium,Yes,No,Maybe,31363432,12411912,0
16-20,Female,Corporate,31-60 days,No,Maybe,No,Maybe,Maybe,High,No,No,Maybe,26692283,28203066,1
25-30,Female,Business,Go out Every day,No,No,Yes,No,Yes,High,Yes,Maybe,Yes,26692283,28203066,0
25-30,Female,Student,More than 2 months,Yes,Yes,Yes,No,Maybe,High,No,No,No,10676913,13613065,0
16-20,Female,Corporate,31-60 days,Yes,Yes,Yes,Maybe,Maybe,Medium,No,Yes,Maybe,26692283,28203066,0
30-Above,Female,Business,31-60 days,Yes,Yes,No,No,Maybe,High,No,Maybe,Yes,53384566,12549644,0
30-Above,Male,Corporate,1-14 days,No,No,Yes,No,No,Medium,Yes,No,Maybe,40038424,14573987,0
25-30,Female,Business,Go out Every day,No,Maybe,Maybe,Maybe,Maybe,High,Yes,Maybe,No,1414691,26905821,0
16-20,Male,Housewife,15-30 days,Maybe,Maybe,Maybe,Maybe,Maybe,High,No,Yes,Maybe,76073008,12011527,0
30-Above,Female,Corporate,More than 2 months,Yes,Yes,No,Maybe,Yes,Medium,No,Maybe,Yes,26692283,28203066,1
30-Above,Male,Student,15-30 days,No,No,Yes,Maybe,Yes,Low,No,Maybe,Yes,26692283,28203066,0
20-25,Female,Others,1-14 days,Maybe,Maybe,Maybe,Maybe,No,Medium,No,Yes,Maybe,26692283,28203066,0
25-30,Male,Corporate,31-60 days,Yes,Yes,Maybe,Maybe,Maybe,Medium,No,Maybe,Maybe,34699969,20611782,0
16-20,Female,Others,15-30 days,No,Yes,No,Maybe,No,Low,Yes,No,Yes,30696125,40358734,1
20-25,Male,Business,1-14 days,Maybe,No,Maybe,Yes,Yes,High,No,Yes,No,22688441,22741825,0
20-25,Female,Housewife,More than 2 months,Maybe,Yes,Maybe,Yes,Yes,High,No,Yes,Maybe,14814217,12732219,0
16-20,Female,Student,Go out Every day,No,Maybe,No,Maybe,No,Low,No,Yes,No,25624592,19138367,0
25-30,Male,Housewife,31-60 days,Maybe,Maybe,Maybe,No,Maybe,Low,Yes,Yes,Yes,11744605,33632278,0
20-25,Female,Student,Go out Every day,No,No,Maybe,Yes,Maybe,High,Yes,Maybe,Maybe,70734549,1040999,0
20-25,Female,Others,1-14 days,Yes,No,Yes,Maybe,No,Low,Yes,Maybe,No,26692283,28203066,0
25-30,Female,Corporate,31-60 days,Yes,Maybe,Maybe,Yes,Yes,Medium,Yes,No,No,40038424,18417675,0
30-Above,Male,Student,More than 2 months,Maybe,Yes,No,Yes,Maybe,High,Yes,Maybe,No,26158438,71909012,0
30-Above,Female,Corporate,31-60 days,Yes,No,Yes,Yes,Yes,Medium,Yes,Yes,Yes,73403783,99295292,0
20-25,Male,Student,Go out Every day,Maybe,Maybe,Maybe,Yes,Maybe,High,No,No,Maybe,26692283,28203066,0
30-Above,Male,Corporate,More than 2 months,Yes,No,No,Maybe,Maybe,Medium,Yes,Maybe,Yes,26692283,28203066,0
30-Above,Male,Business,15-30 days,No,Maybe,Yes,Maybe,Maybe,Medium,Yes,Maybe,Yes,38169963,41800117,0
16-20,Male,Student,31-60 days,No,Yes,Maybe,Maybe,Maybe,Low,Yes,Maybe,Maybe,10676913,88084536,0
30-Above,Female,Corporate,31-60 days,No,Maybe,No,Maybe,Yes,High,No,No,Maybe,62459941,89686069,0
25-30,Male,Student,More than 2 months,No,Maybe,Yes,Yes,No,High,No,Maybe,No,26692283,28203066,0
20-25,Male,Business,15-30 days,Maybe,No,Yes,No,Maybe,High,Yes,No,Maybe,60591483,55413181,0
16-20,Female,Business,Go out Every day,No,Yes,Maybe,No,Yes,Low,Yes,Yes,Maybe,26692283,26905821,1
25-30,Female,Business,31-60 days,Yes,No,No,Maybe,Maybe,High,No,No,No,26692283,28203066,0
25-30,Female,Others,31-60 days,Yes,No,Yes,No,Yes,High,Yes,Yes,Yes,1414691,2162075,0
20-25,Male,Business,1-14 days,Maybe,Maybe,Maybe,No,No,High,No,No,Maybe,20019212,36194736,0
30-Above,Female,Others,1-14 days,Yes,Maybe,Maybe,Maybe,Maybe,Medium,Yes,Yes,Yes,26692283,3203074,0
20-25,Female,Student,15-30 days,Maybe,Yes,Maybe,Yes,No,High,Yes,Maybe,No,22648401,28507359,0
30-Above,Female,Corporate,15-30 days,Maybe,Maybe,Yes,Maybe,Maybe,Low,No,No,Maybe,17616907,25720684,0
25-30,Female,Student,More than 2 months,Yes,Maybe,No,Maybe,Yes,Low,No,No,Yes,46711493,35458031,0
30-Above,Male,Others,31-60 days,Maybe,Maybe,No,No,Yes,Medium,Yes,Maybe,Maybe,86483002,28026897,0
25-30,Female,Corporate,31-60 days,No,Yes,Yes,Yes,Yes,Medium,Yes,Yes,Maybe,89419144,21300442,0
20-25,Female,Corporate,More than 2 months,Yes,Maybe,Maybe,Yes,No,High,Yes,Maybe,No,60724945,22869947,0
20-25,Female,Corporate,31-60 days,No,Yes,Maybe,No,No,High,Yes,No,Maybe,26692283,28203066,1
25-30,Female,Business,Go out Every day,No,Yes,No,No,Yes,Medium,Yes,No,Maybe,33365355,34673275,0
25-30,Male,Housewife,1-14 days,Yes,Yes,Maybe,No,Maybe,Low,No,Maybe,No,26692283,28203066,0
16-20,Male,Business,31-60 days,No,No,Yes,Yes,Maybe,High,No,Yes,Maybe,26692283,28203066,1
20-25,Female,Housewife,More than 2 months,Maybe,No,Maybe,Yes,Maybe,Medium,Yes,No,No,46711493,38116581,0
25-30,Female,Others,31-60 days,Yes,Maybe,Maybe,Yes,Yes,High,Yes,Yes,No,26692283,28203066,0
30-Above,Male,Others,Go out Every day,Maybe,Yes,Maybe,Maybe,No,High,No,Maybe,Maybe,26692283,28203066,0
16-20,Female,Others,15-30 days,Yes,Yes,No,Yes,No,High,Yes,Maybe,No,57388411,17520815,0
25-30,Male,Business,15-30 days,Yes,Maybe,Maybe,Yes,No,Medium,No,Maybe,Yes,66730708,25464437,1
25-30,Female,Others,More than 2 months,Yes,Yes,No,No,Maybe,High,Yes,No,Maybe,27359591,95739883,1
30-Above,Male,Corporate,1-14 days,No,Yes,Maybe,Yes,No,Medium,No,Yes,Maybe,33365355,83279924,0
20-25,Female,Housewife,15-30 days,Yes,Yes,No,No,Yes,Low,No,Yes,Yes,25891516,15374755,0
30-Above,Female,Housewife,31-60 days,Yes,No,Yes,No,Maybe,Low,Yes,Maybe,Maybe,26692283,28203066,0
20-25,Male,Business,1-14 days,Yes,Maybe,Maybe,No,Maybe,Medium,Yes,No,Yes,14680755,52930798,1
16-20,Male,Corporate,31-60 days,Maybe,No,Maybe,Maybe,Maybe,High,No,No,Yes,16015369,10089683,0
30-Above,Female,Others,31-60 days,Maybe,No,Maybe,Maybe,No,Low,Yes,No,Yes,72069162,18257523,1
20-25,Female,Student,31-60 days,No,No,Maybe,Maybe,Yes,Medium,Yes,Yes,No,26692283,28203066,0
30-Above,Female,Corporate,15-30 days,No,No,Maybe,Yes,Yes,High,No,No,No,26692283,10249837,0
16-20,Male,Housewife,1-14 days,Yes,Maybe,Yes,Yes,Yes,Medium,No,Maybe,No,51382647,33632278,0
30-Above,Female,Housewife,15-30 days,No,Yes,No,Maybe,No,High,No,Maybe,No,50715337,15855216,0
25-30,Female,Housewife,Go out Every day,No,No,No,No,Maybe,High,No,Maybe,Yes,17750368,47501587,0
16-20,Male,Housewife,15-30 days,Maybe,Maybe,No,No,Yes,Low,Yes,Maybe,Yes,40038424,28219082,0
30-Above,Female,Housewife,More than 2 months,No,Maybe,Maybe,No,Yes,High,No,No,Yes,30696127,89686069,0
25-30,Male,Housewife,15-30 days,Yes,No,Maybe,Yes,No,Medium,No,Maybe,No,26692283,12812296,0
16-20,Male,Student,15-30 days,Maybe,Yes,Maybe,Yes,No,Low,No,No,Yes,5939033,22261364,0
16-20,Female,Student,Go out Every day,No,Yes,Yes,Maybe,Maybe,Medium,No,No,Maybe,96092218,14413833,0
16-20,Female,Housewife,More than 2 months,Maybe,No,Maybe,Maybe,Yes,Low,No,Yes,Maybe,26692283,28203066,0
25-30,Female,Business,Go out Every day,Maybe,Yes,Yes,No,Yes,High,Yes,No,No,26692283,28203066,0
30-Above,Female,Business,15-30 days,Maybe,Maybe,Yes,Yes,No,High,Yes,Yes,Yes,26692283,28203066,0
25-30,Male,Corporate,Go out Every day,Maybe,Maybe,Maybe,No,No,High,No,No,Maybe,56053796,12331835,0
30-Above,Female,Student,More than 2 months,Yes,Yes,Maybe,No,Yes,Low,Yes,No,Yes,66730709,28347204,0
20-25,Female,Business,1-14 days,No,Yes,Maybe,Maybe,No,Medium,Yes,Maybe,No,40038424,31181925,0
25-30,Female,Others,More than 2 months,No,No,Maybe,No,Maybe,High,No,Yes,Maybe,26692283,28203066,1
20-25,Male,Student,More than 2 months,No,Yes,No,No,No,Low,Yes,Yes,No,3203074,28203066,1
20-25,Male,Student,1-14 days,Maybe,Maybe,No,Maybe,Yes,Low,Yes,No,Maybe,2669229,16816139,0
30-Above,Female,Others,15-30 days,No,Yes,Maybe,No,Yes,Medium,Yes,No,Yes,10009606,90486839,1
25-30,Male,Housewife,More than 2 months,No,Yes,Yes,Yes,Yes,Low,Yes,No,No,24023056,11675204,0
16-20,Female,Business,1-14 days,Yes,Maybe,Yes,Yes,Yes,High,Yes,Yes,Maybe,54185338,33440094,0
25-30,Female,Corporate,31-60 days,Maybe,Maybe,Yes,No,Maybe,Low,Yes,No,No,1975229,22485579,0
20-25,Female,Corporate,1-14 days,Yes,No,Yes,Maybe,No,High,No,Maybe,No,26692283,28203066,0
16-20,Male,Corporate,15-30 days,No,No,Yes,No,Yes,High,No,Maybe,Maybe,13346142,12732219,0
30-Above,Male,Business,Go out Every day,Maybe,No,Yes,Yes,Maybe,High,Yes,Maybe,No,26692283,28203066,0
16-20,Male,Housewife,15-30 days,No,No,No,Yes,Yes,Low,No,No,Yes,1601537,80076847,0
25-30,Male,Business,15-30 days,Maybe,No,No,Yes,No,Medium,Yes,Maybe,Maybe,26692283,28203066,0
30-Above,Male,Corporate,Go out Every day,No,No,No,Maybe,Maybe,Low,Yes,Yes,Maybe,26692283,28203066,0
30-Above,Female,Housewife,Go out Every day,Yes,Yes,Maybe,Maybe,Maybe,Medium,Yes,Maybe,No,1601537,36034582,0
16-20,Male,Corporate,Go out Every day,Maybe,No,Yes,No,Maybe,High,No,Maybe,No,58723021,23542593,0
16-20,Male,Corporate,1-14 days,Yes,No,Maybe,Yes,Yes,Low,No,No,Yes,28026898,29147974,0
25-30,Male,Student,15-30 days,No,Yes,Yes,Maybe,Maybe,High,No,No,No,36034582,39285702,0
25-30,Female,Student,1-14 days,Yes,Maybe,No,No,Yes,Medium,Yes,Maybe,Maybe,26692283,31069818,0
16-20,Female,Housewife,Go out Every day,Maybe,No,No,No,No,Low,Yes,Maybe,Maybe,62459946,33472122,0
30-Above,Female,Others,More than 2 months,No,No,Yes,Maybe,No,Low,No,Maybe,Maybe,65396094,92889147,0
30-Above,Female,Business,Go out Every day,Yes,Yes,No,Maybe,Maybe,High,No,No,No,26692283,28203066,1
16-20,Female,Business,15-30 days,No,Yes,Yes,Maybe,No,Low,Yes,Maybe,Yes,26692283,28203066,0
16-20,Female,Business,31-60 days,Yes,No,Yes,Maybe,Maybe,High,No,Yes,No,16015369,25336315,0
25-30,Female,Business,1-14 days,Yes,No,Yes,No,No,High,Yes,Yes,Yes,19351906,12892373,1
30-Above,Male,Housewife,15-30 days,Maybe,No,No,Maybe,Maybe,Medium,No,Maybe,Yes,21353827,3074951,0
30-Above,Male,Business,Go out Every day,Maybe,Yes,Yes,Maybe,No,High,Yes,Maybe,Maybe,66730708,56694408,0
16-20,Male,Others,15-30 days,Yes,Yes,Yes,Yes,No,Medium,No,Yes,No,36701891,2162075,1
16-20,Female,Student,Go out Every day,Maybe,No,Yes,Yes,No,Low,No,Yes,Yes,6005764,15214602,0
16-20,Male,Student,15-30 days,No,Yes,Maybe,Maybe,Maybe,Low,Yes,Yes,Yes,32964969,19698906,0
16-20,Female,Corporate,31-60 days,Maybe,No,No,Maybe,Yes,Medium,Yes,Maybe,No,23008747,58936562,0
20-25,Male,Others,More than 2 months,Maybe,Maybe,Yes,Yes,No,Low,No,No,No,26291898,1705637,0
25-30,Female,Others,15-30 days,Maybe,Yes,No,No,No,Low,Yes,Yes,Maybe,26692283,28203066,0
20-25,Female,Business,15-30 days,Yes,No,No,Yes,No,High,Yes,Maybe,Yes,24023056,80076847,0
20-25,Female,Corporate,15-30 days,Maybe,Yes,No,Maybe,No,High,No,Yes,Yes,12678834,16816139,0
25-30,Male,Others,31-60 days,No,Maybe,Maybe,Maybe,No,Low,Yes,No,Yes,36034581,44843035,0
30-Above,Male,Others,15-30 days,Yes,Yes,Yes,Yes,No,High,Yes,Yes,Yes,42707652,18577829,0
16-20,Female,Others,Go out Every day,Maybe,Maybe,No,Yes,Yes,Low,Yes,No,Maybe,26692283,28203066,0
20-25,Male,Business,1-14 days,Yes,Yes,Yes,No,Yes,Low,No,Maybe,Yes,26692283,28203066,0
30-Above,Male,Student,31-60 days,Yes,Maybe,Yes,Yes,No,Low,No,Maybe,No,26692283,28203066,0
30-Above,Male,Business,15-30 days,Yes,Maybe,Yes,No,Maybe,Medium,No,No,No,46711496,411595,0
20-25,Male,Corporate,Go out Every day,Yes,Maybe,Maybe,Maybe,No,Low,No,Yes,Maybe,26692283,28203066,0
25-30,Male,Student,More than 2 months,Yes,Yes,Yes,Yes,Yes,High,Yes,Yes,Maybe,20019212,43241501,0
16-20,Female,Corporate,15-30 days,Yes,Yes,No,Yes,No,Medium,Yes,No,Maybe,26692283,28203066,0
25-30,Female,Business,Go out Every day,Maybe,No,Maybe,Yes,No,Medium,Yes,No,No,18417675,15534909,0
20-25,Female,Corporate,31-60 days,Yes,No,Maybe,Yes,Yes,Low,No,Yes,Yes,26692283,28203066,0
25-30,Male,Others,15-30 days,No,No,Yes,No,No,High,No,Maybe,No,26692283,28203066,0
20-25,Male,Corporate,Go out Every day,Yes,Maybe,No,Maybe,Yes,Medium,No,Yes,Yes,13679795,28379236,0
16-20,Female,Others,1-14 days,Yes,Yes,Maybe,Maybe,No,High,No,No,Maybe,12278451,19218445,0
25-30,Female,Corporate,1-14 days,Yes,No,Maybe,No,Yes,High,No,No,Yes,74071088,25544516,0
25-30,Female,Others,15-30 days,Yes,No,Maybe,No,No,High,Yes,Yes,Yes,37369198,25144131,0
20-25,Male,Business,More than 2 months,Yes,Yes,Maybe,Yes,Maybe,Medium,Yes,No,Maybe,26692283,28203066,0
30-Above,Male,Corporate,31-60 days,Maybe,Maybe,No,Maybe,Yes,Medium,No,No,Maybe,29895358,31374109,0
30-Above,Female,Others,1-14 days,Yes,Yes,Yes,Yes,Yes,Medium,No,Yes,No,26692283,28203066,0
20-25,Male,Corporate,31-60 days,No,No,No,No,Maybe,Medium,Yes,Maybe,Yes,13746526,17937214,0
20-25,Male,Corporate,15-30 days,Maybe,No,No,Maybe,Maybe,High,Yes,Maybe,Maybe,84080696,17969246,1
16-20,Male,Student,Go out Every day,Maybe,No,Yes,No,Maybe,Low,No,No,Yes,26692283,28203066,1
25-30,Male,Student,1-14 days,Yes,Maybe,Yes,Yes,Maybe,Medium,Yes,Maybe,No,26692283,28203066,0
30-Above,Female,Housewife,31-60 days,Yes,Maybe,Maybe,Maybe,Yes,Medium,Yes,No,Maybe,26692283,28203066,0
30-Above,Male,Others,31-60 days,No,Maybe,No,No,Maybe,Medium,Yes,No,Yes,25357668,99455452,0
20-25,Female,Housewife,More than 2 months,Yes,No,Maybe,Yes,Yes,Medium,Yes,No,Yes,26692283,28203066,1
30-Above,Male,Corporate,1-14 days,No,Maybe,Yes,Maybe,Maybe,Low,No,Yes,Maybe,26692283,24423439,1
30-Above,Male,Housewife,31-60 days,Yes,Yes,Maybe,Maybe,No,Medium,Yes,Yes,Maybe,26692283,28203066,0
20-25,Female,Corporate,31-60 days,Maybe,Yes,No,No,No,Medium,No,Yes,Yes,26692283,28203066,0
25-30,Female,Student,More than 2 months,Maybe,Maybe,Yes,No,No,Medium,No,Maybe,Maybe,68065324,22581671,0
30-Above,Male,Others,31-60 days,No,Maybe,Yes,Maybe,Yes,High,Yes,No,Maybe,11344221,28203066,0
30-Above,Female,Housewife,1-14 days,Yes,Maybe,Yes,Maybe,Maybe,High,No,No,Yes,10145737,31069818,0
16-20,Female,Corporate,1-14 days,Maybe,Maybe,No,No,Yes,Low,Yes,Maybe,No,26692283,28203066,0
25-30,Female,Student,Go out Every day,Yes,Maybe,No,No,Maybe,High,No,No,No,2535767,26905823,1
25-30,Female,Corporate,31-60 days,Maybe,No,No,No,Yes,Low,No,Yes,Maybe,26692283,28203066,1
30-Above,Female,Corporate,1-14 days,Maybe,Yes,Yes,No,Yes,Low,No,No,Maybe,29308126,31710432,0
20-25,Male,Housewife,More than 2 months,Maybe,No,No,No,Maybe,Medium,Yes,Maybe,No,26692283,28203066,0
16-20,Male,Business,Go out Every day,Yes,No,No,Maybe,Maybe,Low,Yes,Yes,Maybe,81411463,14573987,0
25-30,Female,Corporate,Go out Every day,No,No,Yes,Yes,Maybe,Medium,No,No,Maybe,26692283,28203066,0
25-30,Female,Corporate,1-14 days,Yes,No,Maybe,Maybe,Maybe,Low,No,Yes,No,26692283,28203066,0
16-20,Female,Others,15-30 days,No,Maybe,Maybe,No,Maybe,Medium,Yes,No,No,12732219,25688654,0
16-20,Female,Student,More than 2 months,Yes,Yes,Maybe,Maybe,No,Medium,Yes,Yes,Maybe,26692283,28203066,1
25-30,Female,Corporate,1-14 days,No,Yes,Maybe,No,Yes,Low,No,No,Yes,21353827,41639962,0
20-25,Female,Housewife,31-60 days,Yes,Yes,Maybe,No,No,Low,Yes,Yes,Yes,26692283,28203066,0
25-30,Female,Housewife,31-60 days,Yes,Yes,Maybe,Yes,No,Medium,No,No,No,26692283,28203066,1
30-Above,Male,Others,Go out Every day,Maybe,Yes,Maybe,Yes,Yes,High,Yes,Yes,No,64061481,12604096,0
20-25,Female,Student,Go out Every day,No,Maybe,Yes,Yes,Yes,High,No,Yes,Maybe,26692283,28203066,0
25-30,Female,Student,Go out Every day,Yes,No,Maybe,No,Yes,Low,No,Maybe,Yes,26692283,73670702,0
30-Above,Male,Housewife,Go out Every day,Yes,Maybe,Maybe,Yes,Yes,Low,No,Yes,Yes,10676913,15695063,0
30-Above,Male,Corporate,1-14 days,No,Yes,Maybe,Yes,Yes,Medium,Yes,No,Yes,66730708,15454832,1
30-Above,Male,Housewife,15-30 days,Maybe,No,Maybe,Maybe,Maybe,Low,No,Maybe,Maybe,26692283,28203066,0
16-20,Female,Others,1-14 days,No,No,Maybe,Maybe,Yes,Low,Yes,Yes,Maybe,26692283,28203066,1
16-20,Female,Others,More than 2 months,Maybe,Yes,Yes,Maybe,No,Low,Yes,Yes,Maybe,26692283,28203066,0
25-30,Male,Corporate,More than 2 months,Maybe,No,Yes,No,Yes,Medium,No,No,Yes,49380727,13436895,0
30-Above,Female,Others,More than 2 months,Yes,No,Yes,No,Yes,Medium,Yes,Maybe,Maybe,26692283,28203066,0
25-30,Female,Student,Go out Every day,No,No,No,Maybe,Yes,Low,Yes,Maybe,Yes,73403783,5475655,0
20-25,Female,Business,1-14 days,Yes,Yes,Maybe,Yes,No,Low,No,Maybe,Yes,26692283,28203066,0
25-30,Male,Housewife,Go out Every day,Yes,No,Yes,No,Yes,Low,Yes,No,No,2936151,88084536,0
25-30,Female,Housewife,1-14 days,Maybe,No,Yes,Yes,No,Low,No,No,Maybe,10676913,20019213,1
16-20,Female,Business,1-14 days,Yes,Yes,No,Maybe,No,High,No,Maybe,No,20019212,4724534,0
20-25,Female,Business,15-30 days,Yes,Maybe,Maybe,No,Yes,Low,Yes,No,Maybe,11891412,31566294,0
20-25,Male,Corporate,15-30 days,Yes,Yes,No,Maybe,Yes,Medium,Yes,No,Yes,13346142,72069163,0
20-25,Male,Housewife,Go out Every day,No,Maybe,Yes,No,No,High,No,Maybe,Yes,26692283,28203066,0
25-30,Female,Housewife,1-14 days,Maybe,No,Maybe,No,No,Low,Yes,No,No,33365355,4103138,0
30-Above,Female,Student,More than 2 months,No,Maybe,Maybe,Yes,Yes,Medium,No,Maybe,No,24023056,12011527,1
30-Above,Male,Student,15-30 days,Maybe,Yes,Yes,Yes,No,Medium,No,Yes,Maybe,26692283,28203066,1
30-Above,Female,Corporate,1-14 days,No,Maybe,No,Yes,Yes,High,Yes,Yes,Yes,19391944,30829588,1
30-Above,Male,Others,31-60 days,Maybe,No,Maybe,Maybe,Yes,Medium,No,No,No,42707653,23542593,0
30-Above,Female,Student,More than 2 months,Maybe,No,Maybe,Yes,No,High,No,Maybe,Yes,72736468,60858406,0
16-20,Female,Housewife,Go out Every day,Maybe,Maybe,Yes,No,Yes,Low,Yes,Maybe,No,96092218,59256868,0
30-Above,Female,Business,31-60 days,No,No,Yes,Maybe,Maybe,Low,Yes,No,Maybe,26692283,28203066,0
20-25,Female,Student,Go out Every day,Yes,Maybe,Yes,Yes,Maybe,High,No,No,Maybe,26692283,28203066,0
25-30,Male,Housewife,More than 2 months,Yes,No,Yes,Maybe,No,High,No,No,Yes,26692283,28203066,0
25-30,Female,Corporate,More than 2 months,No,Maybe,Yes,No,Maybe,High,No,Yes,No,21727518,87283764,0
20-25,Male,Business,More than 2 months,Yes,Yes,No,Maybe,No,Low,Yes,Maybe,Yes,26692283,28203066,1
16-20,Female,Student,Go out Every day,Maybe,Yes,Yes,Yes,Yes,Low,Yes,Yes,Maybe,12545373,93369606,0
30-Above,Female,Business,15-30 days,Maybe,Maybe,Yes,Maybe,Maybe,Medium,No,No,Yes,13346142,33952583,0
16-20,Male,Housewife,1-14 days,No,Yes,Maybe,No,No,Low,No,Yes,Yes,53384566,16015369,0
16-20,Male,Housewife,Go out Every day,No,Yes,Yes,Maybe,No,Medium,Yes,No,Maybe,53384566,70467628,1
16-20,Female,Business,1-14 days,Yes,Maybe,No,No,No,High,No,Yes,Yes,12011528,10570145,0
16-20,Female,Others,31-60 days,Yes,Yes,Maybe,Maybe,No,High,No,Yes,No,93422991,40679039,0
30-Above,Male,Housewife,Go out Every day,Maybe,Maybe,Yes,Yes,Maybe,High,Yes,Maybe,Maybe,17349985,14253679,0
16-20,Male,Corporate,1-14 days,Yes,Yes,Maybe,No,Yes,Low,No,Maybe,No,37369196,54532333,0
20-25,Male,Student,1-14 days,Maybe,Maybe,Yes,No,Yes,High,No,Yes,Maybe,26692283,28203066,0
16-20,Male,Student,More than 2 months,Yes,Yes,Maybe,Yes,No,Medium,Yes,No,Maybe,1601537,15214602,0
20-25,Female,Corporate,31-60 days,Yes,Yes,Maybe,Yes,Yes,High,No,Maybe,Maybe,93422985,34673275,0
30-Above,Female,Business,31-60 days,Maybe,Maybe,No,Yes,Maybe,Low,No,Yes,Maybe,28026897,11851374,0
25-30,Female,Student,Go out Every day,No,No,Yes,Yes,Maybe,Low,No,No,Yes,26692283,23702747,0
20-25,Female,Business,More than 2 months,No,Yes,Yes,Maybe,No,High,Yes,Maybe,Yes,2936151,23222286,0
30-Above,Female,Business,31-60 days,Maybe,No,Yes,Maybe,Yes,High,Yes,No,Yes,26692283,42440729,0
30-Above,Female,Others,More than 2 months,Yes,Maybe,No,No,No,Medium,Yes,Maybe,Maybe,54051876,60698254,0
25-30,Female,Business,1-14 days,Yes,Maybe,Maybe,Yes,No,Medium,Yes,Yes,No,26692283,28203066,0
16-20,Male,Housewife,Go out Every day,No,No,Maybe,Maybe,Maybe,Medium,No,Maybe,No,60057635,66944244,0
30-Above,Female,Others,15-30 days,No,Yes,Yes,Yes,Yes,Low,No,Yes,Yes,26692283,48062126,0
16-20,Male,Corporate,15-30 days,Yes,No,No,Yes,Yes,High,Yes,Maybe,Maybe,33365355,23222286,1
20-25,Female,Housewife,31-60 days,Yes,Maybe,Maybe,Maybe,Yes,Low,No,Yes,Maybe,26692283,28203066,0
16-20,Male,Housewife,31-60 days,No,Yes,Yes,Maybe,Yes,Low,Yes,Maybe,Yes,93422991,34433044,1
30-Above,Female,Housewife,15-30 days,Yes,Yes,Yes,Yes,No,Medium,Yes,Maybe,Maybe,12144989,27786667,0
16-20,Female,Housewife,31-60 days,Maybe,Maybe,No,No,Maybe,Medium,No,No,Maybe,26692283,28203066,0
20-25,Male,Housewife,15-30 days,Maybe,Maybe,Maybe,Maybe,Maybe,High,No,No,Yes,24556902,29468281,0
30-Above,Male,Student,31-60 days,Yes,No,No,No,Maybe,High,Yes,No,Maybe,26692283,28203066,1
20-25,Female,Housewife,15-30 days,No,No,Yes,Maybe,Maybe,Low,Yes,Yes,Maybe,22021134,44522728,1
25-30,Male,Student,1-14 days,Maybe,No,No,Yes,Maybe,Medium,No,Yes,Maybe,26692283,34433044,0
30-Above,Male,Business,15-30 days,No,Yes,Maybe,No,Maybe,High,No,Maybe,Yes,14680755,95131302,1
20-25,Female,Others,31-60 days,No,Maybe,Yes,Maybe,No,High,Yes,No,Yes,39371116,43401653,1
25-30,Male,Business,1-14 days,No,Yes,No,No,Yes,Low,No,Maybe,No,15881909,67264557,0
30-Above,Male,Business,Go out Every day,Yes,No,Yes,No,No,Medium,No,No,No,28694205,49167187,0
16-20,Female,Others,15-30 days,No,Maybe,Maybe,Maybe,Yes,High,No,Maybe,Maybe,17349985,14253679,0
30-Above,Female,Corporate,More than 2 months,No,Maybe,Yes,Maybe,Yes,Low,Yes,Maybe,Yes,26692283,28203066,0
25-30,Male,Student,Go out Every day,Maybe,Maybe,No,Yes,Maybe,High,Yes,Yes,Maybe,26692283,28203066,0
25-30,Female,Others,More than 2 months,Maybe,Maybe,Maybe,No,Maybe,Medium,Yes,No,No,29361513,52690567,0
16-20,Male,Corporate,More than 2 months,No,Yes,Maybe,Yes,No,High,Yes,Yes,No,37903044,24343363,0
16-20,Male,Student,31-60 days,Yes,Maybe,No,No,No,High,Yes,Yes,Yes,13346142,16143494,0
25-30,Male,Others,Go out Every day,No,Maybe,No,Maybe,No,Medium,No,Maybe,Maybe,29601741,1643177,0
25-30,Female,Housewife,More than 2 months,Maybe,Yes,Yes,Maybe,Yes,High,Yes,No,Yes,26692283,28203066,0
30-Above,Male,Housewife,Go out Every day,Maybe,Maybe,Yes,No,Maybe,Low,No,Yes,Maybe,26692283,24263285,0
20-25,Female,Student,Go out Every day,Yes,Yes,No,Maybe,Yes,Medium,No,Maybe,Maybe,40038425,15374755,0
25-30,Female,Business,Go out Every day,No,Maybe,Yes,No,Maybe,Medium,No,Maybe,Maybe,66730708,22693779,0
25-30,Female,Business,15-30 days,No,Maybe,Yes,Yes,Yes,High,No,Yes,No,74738393,51889797,0
20-25,Female,Housewife,31-60 days,Yes,Maybe,No,Maybe,Maybe,Medium,No,Yes,Maybe,40038425,60698254,0
30-Above,Female,Corporate,15-30 days,Yes,Yes,Maybe,No,No,High,No,Maybe,No,13879987,11595128,0
16-20,Female,Student,Go out Every day,No,Yes,Yes,Yes,Yes,Low,No,No,Maybe,26692283,28203066,0
16-20,Female,Student,Go out Every day,Yes,No,Yes,Maybe,Yes,Medium,No,No,No,26692283,28203066,0
30-Above,Male,Business,31-60 days,No,Yes,Yes,Yes,Maybe,Medium,No,Yes,Maybe,13346141,30429204,0
25-30,Female,Housewife,Go out Every day,Maybe,Maybe,Yes,Yes,Yes,Low,Yes,Maybe,Maybe,20419598,18737984,1
16-20,Male,Housewife,More than 2 months,Yes,Maybe,Maybe,Maybe,No,Low,Yes,No,Yes,65396094,10570145,0
20-25,Male,Others,1-14 days,Yes,Yes,Yes,No,Maybe,Low,Yes,No,Yes,31363434,14894294,0
25-30,Female,Housewife,15-30 days,Yes,Yes,Maybe,Maybe,No,High,Yes,Maybe,Maybe,26692283,28203066,0
30-Above,Male,Student,More than 2 months,Maybe,Maybe,Yes,No,Maybe,Low,No,No,No,26692283,28203066,0
16-20,Male,Student,15-30 days,Yes,No,No,Maybe,No,High,No,Maybe,Maybe,26692283,28203066,1
25-30,Male,Corporate,1-14 days,Maybe,Maybe,No,No,Yes,Low,Yes,Maybe,Yes,46711493,17696983,0
30-Above,Male,Corporate,More than 2 months,No,Yes,Yes,No,Yes,Medium,Yes,No,No,26692283,72069163,0
30-Above,Male,Housewife,More than 2 months,Yes,Maybe,No,No,Yes,Low,No,No,Yes,26692283,28203066,0
20-25,Male,Others,1-14 days,Yes,Maybe,Maybe,Maybe,Maybe,Low,No,No,Maybe,26692283,28203066,0
16-20,Male,Business,More than 2 months,Maybe,Maybe,Maybe,No,Yes,High,Yes,Maybe,Yes,53384566,25464439,0
30-Above,Female,Housewife,15-30 days,Maybe,Yes,No,Maybe,No,Low,Yes,Yes,No,26692283,28203066,1
20-25,Female,Business,31-60 days,Yes,Yes,Yes,Maybe,Maybe,Low,Yes,Maybe,No,27493052,37796272,0
20-25,Female,Housewife,Go out Every day,Maybe,Maybe,Maybe,Yes,No,Medium,Yes,Maybe,Yes,37369196,61659176,0
20-25,Male,Others,1-14 days,Maybe,No,Yes,Maybe,No,Low,Yes,Maybe,Maybe,26692283,28203066,0
20-25,Male,Housewife,1-14 days,No,No,Yes,Maybe,No,Low,Yes,Yes,Yes,53384566,65663018,1
20-25,Male,Housewife,31-60 days,No,Yes,Yes,No,Maybe,Low,Yes,Maybe,Maybe,29228051,26249191,0
25-30,Male,Business,31-60 days,No,Maybe,Yes,Maybe,Maybe,Low,No,Maybe,Yes,40038424,14573987,0
25-30,Female,Housewife,15-30 days,No,Yes,Yes,Maybe,Maybe,Medium,No,No,No,26692283,28203066,1
16-20,Female,Others,1-14 days,Yes,Maybe,Maybe,Yes,Yes,Low,Yes,No,Maybe,42707653,44042267,0
30-Above,Male,Others,1-14 days,Maybe,No,No,Yes,Yes,Medium,Yes,No,No,60057635,68866091,1
20-25,Female,Housewife,1-14 days,Yes,Yes,No,Yes,No,Medium,No,Maybe,Maybe,70734549,76553467,0
16-20,Male,Corporate,1-14 days,Maybe,No,Yes,Yes,Maybe,High,No,No,Yes,26692283,2234144,0
16-20,Female,Others,More than 2 months,No,No,Yes,Yes,Yes,Low,Yes,Yes,No,13479604,62459941,0
16-20,Male,Housewife,31-60 days,Maybe,Maybe,No,Maybe,Maybe,High,Yes,Yes,Yes,14680755,89686069,0
25-30,Male,Housewife,15-30 days,No,No,No,No,Maybe,Low,No,No,No,2175421,14109541,0
16-20,Female,Student,More than 2 months,Yes,No,Maybe,Maybe,Maybe,Low,Yes,Maybe,Yes,26692283,28203066,0
30-Above,Female,Corporate,1-14 days,Maybe,No,Yes,Maybe,Yes,High,Yes,No,No,26692283,58936562,0
30-Above,Female,Student,15-30 days,No,No,Yes,No,Maybe,Medium,Yes,Maybe,Maybe,26692283,28203066,1
25-30,Male,Housewife,1-14 days,Yes,No,Yes,No,Maybe,Medium,No,No,Yes,26692283,28203066,0
20-25,Female,Others,More than 2 months,No,No,No,Yes,No,High,No,No,Yes,26692283,28203066,0
16-20,Male,Others,31-60 days,Yes,No,Maybe,Yes,No,High,Yes,Maybe,Yes,19618828,55733486,0
16-20,Male,Corporate,15-30 days,No,Yes,No,No,Yes,Medium,No,Maybe,Maybe,70734549,14253679,0
25-30,Female,Student,31-60 days,Yes,No,Maybe,No,No,High,Yes,No,No,40038424,10329914,0
20-25,Female,Student,Go out Every day,Yes,No,Yes,Yes,No,Medium,Yes,No,Yes,47512264,64413818,0
30-Above,Female,Housewife,31-60 days,Maybe,No,Yes,Yes,Yes,Low,No,Maybe,Maybe,2268844,14413833,0
25-30,Male,Corporate,1-14 days,Yes,No,No,No,Maybe,Medium,No,No,No,26692283,28203066,0
20-25,Male,Business,15-30 days,Maybe,Yes,Maybe,No,No,Medium,Yes,Maybe,Yes,26692283,28203066,0
20-25,Female,Corporate,31-60 days,Maybe,Maybe,Maybe,Yes,Yes,Medium,Yes,Yes,No,26692283,28203066,0
30-Above,Male,Housewife,More than 2 months,Maybe,Yes,Yes,No,Maybe,Medium,No,Maybe,No,50715337,72069163,0
30-Above,Male,Business,More than 2 months,Maybe,Yes,No,No,Yes,Medium,No,No,No,26692283,23222287,0
20-25,Female,Others,31-60 days,Yes,No,No,No,Yes,Medium,Yes,Yes,Maybe,20819981,68065324,1
16-20,Male,Student,1-14 days,Maybe,Maybe,Yes,No,Yes,Medium,No,No,Maybe,46711496,22101212,0
20-25,Male,Business,1-14 days,No,Yes,Maybe,Yes,Maybe,Low,No,No,Yes,26692283,28203066,0
16-20,Female,Housewife,15-30 days,No,Yes,No,No,Maybe,High,Yes,Maybe,Yes,38703811,46124264,0
20-25,Male,Business,1-14 days,Maybe,No,No,No,Maybe,Low,Yes,Yes,No,26692283,28203066,0
30-Above,Female,Corporate,More than 2 months,Maybe,Maybe,Maybe,Maybe,Maybe,High,No,No,Maybe,6406148,3074951,0
16-20,Male,Corporate,Go out Every day,Maybe,Yes,No,No,No,Medium,Yes,Yes,No,91020679,17456753,0
30-Above,Female,Corporate,31-60 days,Yes,Maybe,No,No,Yes,Low,No,Yes,Maybe,44042268,54452257,1
30-Above,Male,Housewife,1-14 days,Maybe,Yes,Yes,No,Maybe,Low,No,Maybe,No,13012488,18779623,0
20-25,Male,Business,More than 2 months,Yes,Yes,Maybe,No,No,Medium,Yes,Maybe,Yes,36034582,26265207,1
25-30,Male,Corporate,15-30 days,No,Yes,Yes,No,Maybe,High,No,Yes,No,23489211,18337599,0
20-25,Male,Housewife,1-14 days,No,Yes,Yes,No,Yes,Medium,No,Maybe,No,46711493,34192814,0
30-Above,Female,Student,More than 2 months,Yes,No,Maybe,Maybe,Yes,High,Yes,No,No,26692283,28203066,0
16-20,Male,Student,31-60 days,No,No,Maybe,Yes,Yes,High,Yes,Maybe,No,26692283,22421518,0
16-20,Male,Others,Go out Every day,Yes,Yes,Maybe,No,No,Low,Yes,No,No,14680757,25624592,0
16-20,Male,Student,15-30 days,Maybe,Yes,Maybe,Maybe,No,Low,Yes,Yes,Maybe,26692283,28203066,1
25-30,Female,Student,More than 2 months,Yes,Yes,No,No,Maybe,Low,No,Yes,Maybe,29895358,45964111,0
25-30,Male,Housewife,1-14 days,Maybe,Yes,Yes,Maybe,No,Low,No,Yes,No,13613064,16575909,0
20-25,Female,Others,More than 2 months,Maybe,Maybe,Maybe,No,No,Medium,No,Maybe,Maybe,26692283,28203066,0
30-Above,Male,Corporate,More than 2 months,No,Yes,No,Maybe,No,High,Yes,Maybe,Yes,24690361,46444572,1
25-30,Female,Housewife,31-60 days,No,Maybe,Yes,Yes,No,High,No,No,Yes,26692283,28203066,0
30-Above,Female,Student,More than 2 months,No,No,No,No,No,Low,Yes,No,Yes,11210759,11819343,0
16-20,Male,Business,More than 2 months,No,Yes,Yes,No,No,High,Yes,No,Yes,14814218,17200508,0
25-30,Female,Housewife,15-30 days,Maybe,Yes,Yes,Yes,Yes,High,No,Yes,Maybe,26692283,28203066,1
25-30,Female,Housewife,More than 2 months,Maybe,No,Yes,No,No,High,No,Yes,No,10676913,18802044,0
16-20,Female,Housewife,Go out Every day,Yes,Yes,Maybe,No,No,High,No,Maybe,Maybe,26692283,52850719,0
20-25,Female,Corporate,1-14 days,Maybe,No,Maybe,Maybe,Yes,High,Yes,Yes,No,66730708,80076847,0
25-30,Female,Corporate,More than 2 months,Maybe,Yes,Yes,No,Yes,Medium,No,Maybe,Maybe,26692283,28203066,0
25-30,Female,Student,15-30 days,Maybe,No,Maybe,Maybe,Maybe,High,No,No,Yes,28133665,67264557,0
30-Above,Female,Business,More than 2 months,Yes,Yes,Yes,Maybe,Maybe,Low,No,Yes,Maybe,17349985,52530415,0
30-Above,Male,Others,Go out Every day,No,Maybe,No,No,Yes,Medium,No,No,Yes,42707653,16175524,0
30-Above,Male,Others,More than 2 months,Maybe,Yes,No,No,Yes,Medium,No,No,Yes,26692283,28203066,1
25-30,Female,Others,31-60 days,Yes,No,Maybe,Maybe,Yes,Medium,No,Yes,No,26692283,28203066,0
16-20,Female,Housewife,15-30 days,Yes,No,No,Maybe,Maybe,High,Yes,Yes,No,26692283,28203066,0
30-Above,Female,Student,31-60 days,No,No,Yes,No,No,High,No,No,Maybe,1134422,22501595,0
16-20,Female,Housewife,15-30 days,Yes,Yes,No,No,Maybe,High,Yes,Maybe,Yes,1601537,28443296,0
20-25,Female,Business,Go out Every day,No,Maybe,Yes,Maybe,Yes,Medium,No,Maybe,No,26692283,43721962,0
16-20,Male,Corporate,More than 2 months,Yes,Yes,Maybe,Maybe,No,Medium,No,No,No,41373043,46092236,1
25-30,Female,Student,1-14 days,Yes,Yes,No,Maybe,Maybe,High,Yes,No,Yes,26692283,28203066,0
16-20,Female,Student,31-60 days,No,No,Maybe,No,Maybe,Medium,No,Maybe,Maybe,66730708,33632276,0
16-20,Female,Corporate,Go out Every day,Maybe,Maybe,Yes,Yes,Yes,Medium,Yes,Maybe,Yes,26692283,28203066,0
25-30,Male,Housewife,Go out Every day,No,No,Maybe,No,Yes,Low,Yes,No,Maybe,26692283,28203066,0
16-20,Female,Business,15-30 days,Maybe,Yes,Maybe,Yes,Maybe,Medium,No,Yes,Maybe,40705733,24343363,0
25-30,Female,Others,More than 2 months,No,Yes,No,Yes,Maybe,High,Yes,Maybe,No,14680755,24503517,0
20-25,Female,Others,1-14 days,Maybe,Maybe,No,Yes,No,Medium,No,No,Maybe,26692283,28203066,0
20-25,Male,Student,15-30 days,No,Yes,Maybe,No,Yes,High,No,Yes,No,26692283,28203066,0
30-Above,Female,Others,31-60 days,No,Maybe,Yes,Maybe,No,Low,Yes,No,Yes,20553057,18625875,0
20-25,Male,Housewife,1-14 days,Yes,Yes,No,Maybe,Yes,High,No,Yes,No,15481524,4617231,0
30-Above,Male,Others,15-30 days,No,Yes,Maybe,Yes,No,High,No,Yes,No,14680755,24055086,0
30-Above,Female,Others,More than 2 months,Maybe,Yes,No,No,Yes,Medium,No,No,Maybe,26692283,28203066,0
20-25,Male,Others,15-30 days,No,No,Yes,Yes,Yes,Low,Yes,Maybe,Yes,98361063,20147335,0
20-25,Female,Housewife,31-60 days,Maybe,Yes,Maybe,No,Yes,High,Yes,Yes,Maybe,10676913,81678391,0
30-Above,Male,Housewife,31-60 days,Maybe,No,Yes,Yes,No,Low,Yes,Yes,Yes,25357668,25944899,0
30-Above,Female,Housewife,Go out Every day,No,No,No,No,Yes,Low,Yes,No,Maybe,26692283,5765533,0
20-25,Female,Business,31-60 days,Yes,No,No,No,No,Low,No,Maybe,No,18684598,15374755,1
25-30,Female,Others,15-30 days,Maybe,Maybe,No,Yes,No,Low,No,No,Maybe,69399935,33952583,0
25-30,Male,Housewife,1-14 days,Maybe,No,Maybe,Maybe,Maybe,Low,No,Yes,No,18684598,74631624,0
20-25,Male,Housewife,Go out Every day,Maybe,Yes,No,Maybe,No,Low,No,No,Yes,26692283,48046112,0
20-25,Female,Corporate,15-30 days,Maybe,No,Yes,Yes,No,Low,No,Yes,Maybe,422005,11923443,0
20-25,Female,Housewife,More than 2 months,Yes,Maybe,No,Maybe,No,High,Yes,Maybe,No,80076847,23862902,0
25-30,Male,Business,1-14 days,Maybe,No,Yes,No,Maybe,Medium,No,No,Yes,18684598,97693758,1
16-20,Male,Business,Go out Every day,Yes,No,No,Yes,Maybe,Low,Yes,No,No,26692283,28203066,0
20-25,Male,Housewife,Go out Every day,Maybe,Maybe,No,Maybe,Yes,Low,Yes,Maybe,No,40038424,52530415,0
30-Above,Female,Others,15-30 days,Yes,Yes,Yes,Yes,Maybe,High,No,No,Maybe,50715337,36995506,0
16-20,Female,Student,15-30 days,No,No,No,Maybe,No,Medium,No,Maybe,Yes,40038424,23942978,0
16-20,Female,Student,1-14 days,Maybe,No,Maybe,No,Yes,High,No,Maybe,Yes,72069163,16816139,0
16-20,Female,Business,15-30 days,Maybe,Maybe,Yes,Maybe,Yes,High,No,Maybe,Yes,33365355,53811642,0
16-20,Female,Student,15-30 days,No,No,Maybe,Maybe,Maybe,High,No,Yes,Yes,30696127,62139637,0
25-30,Female,Business,More than 2 months,No,Maybe,Yes,Yes,No,Low,Yes,Yes,Maybe,70734549,36034584,0
16-20,Female,Housewife,15-30 days,No,No,Yes,No,No,Medium,No,No,Yes,33365355,43561806,0
20-25,Female,Student,15-30 days,No,Yes,Yes,No,No,High,Yes,Maybe,No,16642637,83440079,0
30-Above,Female,Housewife,More than 2 months,Yes,Maybe,Yes,Yes,Maybe,Low,No,Yes,Yes,36835351,99823799,0
25-30,Female,Others,1-14 days,No,Yes,Maybe,Yes,No,Medium,Yes,No,Yes,23355746,14253679,0
25-30,Female,Student,31-60 days,Maybe,No,Maybe,Maybe,Yes,Low,Yes,Yes,No,35367274,26713636,0
20-25,Female,Others,Go out Every day,Yes,Yes,Maybe,No,Maybe,Low,No,Yes,Yes,66730708,88084536,0
30-Above,Female,Housewife,1-14 days,No,Yes,Maybe,Maybe,Maybe,High,No,No,No,14680755,40999348,1
20-25,Female,Housewife,1-14 days,Yes,Maybe,Maybe,Maybe,No,High,Yes,Maybe,No,21353827,37395889,0
16-20,Female,Housewife,1-14 days,Maybe,Maybe,Yes,Yes,No,Medium,No,No,Yes,20019212,72069163,1
20-25,Female,Housewife,More than 2 months,Maybe,No,Maybe,No,Yes,High,No,No,Maybe,262919,13853295,0
30-Above,Male,Business,Go out Every day,Yes,No,Yes,Yes,Maybe,High,Yes,Yes,Yes,80076849,44714912,0
30-Above,Male,Others,More than 2 months,Maybe,No,Yes,No,Yes,Low,No,Maybe,Yes,26692283,28203066,1
16-20,Male,Others,More than 2 months,Maybe,Yes,Maybe,Maybe,Yes,High,Yes,No,Maybe,28347204,36675198,0
25-30,Female,Corporate,1-14 days,No,Yes,Yes,Yes,Maybe,High,Yes,No,Yes,25357668,28026897,0
20-25,Male,Housewife,More than 2 months,No,Maybe,No,Maybe,Maybe,High,Yes,No,No,26692283,28203066,0
20-25,Female,Others,31-60 days,Maybe,Yes,Yes,No,No,Medium,No,Maybe,Yes,26692283,28203066,0
30-Above,Female,Student,More than 2 months,Maybe,Yes,No,Maybe,No,Low,No,Maybe,No,66730708,1345291,1
16-20,Female,Business,31-60 days,Maybe,No,No,Yes,No,Medium,Yes,No,No,17349985,60538097,0
25-30,Male,Housewife,1-14 days,Yes,Yes,No,Maybe,Yes,Low,No,No,No,52049953,96092218,0
16-20,Male,Housewife,31-60 days,No,Maybe,Maybe,Yes,No,Medium,Yes,Maybe,No,1601537,16655985,1
25-30,Male,Housewife,1-14 days,Maybe,Yes,Yes,Yes,Yes,Medium,Yes,No,Yes,26692283,62459941,0
25-30,Female,Business,31-60 days,No,Yes,No,Yes,Yes,Medium,No,No,No,84748001,34465076,0
30-Above,Male,Housewife,31-60 days,Yes,Yes,No,Yes,No,High,Yes,Maybe,No,33365355,62780251,0
25-30,Male,Student,15-30 days,No,Maybe,No,Maybe,Yes,High,Yes,No,No,26692283,28203066,0
30-Above,Male,Housewife,Go out Every day,Maybe,No,No,No,Yes,High,Yes,No,Maybe,26692283,28203066,0
30-Above,Female,Student,Go out Every day,Yes,Yes,Maybe,Maybe,Yes,Low,Yes,No,No,3122997,13132604,0
20-25,Female,Others,31-60 days,Yes,Maybe,No,Yes,No,High,No,No,Maybe,26692283,28203066,0
25-30,Female,Others,15-30 days,No,No,Maybe,Maybe,Maybe,Low,Yes,Maybe,Maybe,8505496,21652781,0
20-25,Male,Student,31-60 days,Yes,Maybe,Maybe,No,No,Low,Yes,Maybe,Maybe,59924173,33087753,0
30-Above,Female,Others,1-14 days,Yes,Yes,Yes,Yes,No,High,No,No,Maybe,13346142,10089684,0
25-30,Female,Corporate,1-14 days,Yes,No,Yes,Yes,Yes,Medium,No,Yes,Yes,12812296,15935293,0
30-Above,Male,Corporate,More than 2 months,No,No,Maybe,Maybe,Maybe,Medium,No,Maybe,Maybe,2936151,59417023,0
16-20,Female,Business,Go out Every day,Maybe,Maybe,Yes,Maybe,Maybe,Low,No,Maybe,Maybe,30696124,16976292,1
20-25,Female,Student,Go out Every day,Yes,Yes,No,Maybe,Yes,Low,Yes,No,Maybe,26692283,28203066,1
30-Above,Male,Others,Go out Every day,No,No,Yes,No,Maybe,Low,No,Yes,Yes,26692283,28203066,0
20-25,Male,Business,1-14 days,Yes,No,Maybe,Yes,Yes,High,No,Yes,Yes,93422991,32014725,1
25-30,Female,Student,Go out Every day,No,No,No,Maybe,Yes,High,Yes,No,No,40038425,28587435,0
16-20,Female,Student,1-14 days,Yes,No,No,Yes,Yes,Low,Yes,Yes,Yes,40038425,10249837,0
25-30,Male,Corporate,Go out Every day,Yes,Maybe,Yes,Yes,No,Medium,Yes,No,No,80076849,27226129,0
20-25,Male,Student,31-60 days,No,Maybe,Maybe,No,No,Medium,Yes,Maybe,Yes,26692283,28203066,0
30-Above,Male,Housewife,1-14 days,No,Yes,Maybe,Yes,No,Medium,No,Maybe,Yes,56053796,39718117,0
16-20,Female,Others,1-14 days,Yes,Yes,Maybe,No,No,Medium,Yes,Yes,No,26692283,28203066,0
20-25,Male,Business,1-14 days,Maybe,Yes,Maybe,No,No,Medium,Yes,No,No,26692283,28203066,0
30-Above,Male,Housewife,More than 2 months,Maybe,No,Yes,Yes,Maybe,High,Yes,No,No,26692283,28203066,0
25-30,Male,Corporate,Go out Every day,No,No,No,No,Maybe,Medium,Yes,Yes,Yes,26692283,28203066,0
25-30,Female,Student,Go out Every day,Yes,Yes,No,Yes,Maybe,Medium,No,Yes,No,26692283,28203066,0
20-25,Female,Corporate,31-60 days,Maybe,No,No,Yes,No,Medium,Yes,No,Yes,37903042,72389473,0
25-30,Male,Others,1-14 days,Maybe,No,Maybe,Maybe,Yes,Low,No,No,Maybe,52049952,19186413,0
30-Above,Male,Corporate,31-60 days,Yes,No,Maybe,Maybe,No,Medium,No,Yes,No,61392248,83279924,0
20-25,Male,Student,1-14 days,Yes,Maybe,Maybe,Maybe,Maybe,High,Yes,Maybe,Yes,58723027,19474689,1
25-30,Female,Business,More than 2 months,Maybe,Yes,Yes,No,Maybe,Medium,No,No,Yes,18684598,18898136,0
20-25,Female,Housewife,15-30 days,No,No,No,Maybe,Maybe,High,No,No,No,17883829,69827011,0
25-30,Male,Student,More than 2 months,Maybe,Yes,Yes,No,Maybe,Medium,Yes,No,No,26692283,13709157,0
30-Above,Female,Corporate,Go out Every day,Yes,No,No,Maybe,Yes,High,Yes,Yes,Yes,26692283,28203066,1
16-20,Female,Corporate,More than 2 months,No,No,No,Maybe,No,High,No,No,Maybe,34699969,49167187,0
16-20,Male,Corporate,31-60 days,Yes,No,Maybe,Yes,Yes,Medium,Yes,Maybe,No,66730708,42280579,0
20-25,Male,Business,Go out Every day,Maybe,Yes,No,Yes,Maybe,Medium,No,Yes,Maybe,26692283,22421517,0
30-Above,Female,Business,More than 2 months,No,No,Maybe,Maybe,Yes,High,Yes,Maybe,No,10009606,46764881,0
25-30,Female,Others,1-14 days,Yes,Yes,No,No,Maybe,Low,No,Maybe,Maybe,11611143,3074951,0
30-Above,Female,Others,More than 2 months,No,Maybe,No,Maybe,No,Low,No,Yes,No,19351906,18898136,0
20-25,Male,Corporate,15-30 days,Yes,Yes,No,Yes,No,Medium,Yes,Maybe,Maybe,36701891,12491988,0
16-20,Male,Corporate,Go out Every day,No,Maybe,No,Yes,Yes,Low,Yes,No,Maybe,26692283,28203066,1
16-20,Female,Business,1-14 days,No,No,No,No,Maybe,Medium,No,No,Yes,69399939,31710432,0
25-30,Male,Corporate,31-60 days,Yes,Yes,Maybe,Yes,Yes,Low,No,Yes,Yes,15081141,99695679,0
20-25,Female,Business,15-30 days,No,Maybe,No,No,No,Medium,Yes,No,No,14894294,51249184,0
30-Above,Male,Others,15-30 days,Yes,No,Yes,Yes,Yes,Low,Yes,Yes,No,24023056,10730298,0
30-Above,Female,Housewife,31-60 days,Maybe,Maybe,Yes,Yes,No,High,Yes,Maybe,Maybe,26692283,28203066,1
25-30,Male,Corporate,More than 2 months,No,Maybe,No,Yes,No,High,No,Yes,Yes,26692283,28203066,0
16-20,Male,Student,31-60 days,Yes,Maybe,Yes,Maybe,No,Medium,No,No,Yes,26692283,28203066,0
25-30,Female,Corporate,15-30 days,Yes,No,No,No,Yes,Medium,Yes,No,Maybe,26692283,28203066,0
25-30,Male,Student,1-14 days,Maybe,No,Yes,Maybe,No,Medium,No,No,No,18684598,17616907,1
20-25,Female,Others,More than 2 months,No,Maybe,Maybe,No,No,Medium,No,No,No,26692283,28203066,0
16-20,Female,Others,Go out Every day,Yes,Maybe,Yes,Maybe,No,Medium,Yes,Yes,Yes,26692283,28203066,1
30-Above,Male,Others,More than 2 months,Yes,Maybe,Maybe,Maybe,Yes,Low,No,Maybe,No,13679795,94170372,1
20-25,Male,Housewife,Go out Every day,Maybe,Yes,Maybe,Maybe,Maybe,Medium,Yes,No,Yes,10676913,17136446,0
20-25,Male,Corporate,31-60 days,Yes,Maybe,Yes,Maybe,Yes,High,No,Yes,Maybe,53384566,51249185,1
30-Above,Male,Housewife,1-14 days,No,Yes,No,No,Yes,Low,No,Maybe,Yes,10009606,72069163,0
16-20,Female,Housewife,1-14 days,Maybe,Yes,Yes,Yes,Yes,Low,Yes,No,Yes,12678834,19538752,0
25-30,Male,Student,Go out Every day,Maybe,No,No,Maybe,No,Low,Yes,No,Yes,10676913,9849453,0
25-30,Female,Others,15-30 days,No,No,No,Yes,No,Medium,Yes,Yes,No,26692283,28203066,0
16-20,Male,Business,1-14 days,Yes,Maybe,No,Yes,No,Medium,No,Yes,Yes,14680755,11370913,1
20-25,Female,Business,15-30 days,Maybe,Maybe,Yes,Yes,Maybe,High,No,Maybe,Maybe,58189178,16335678,0
16-20,Female,Corporate,Go out Every day,No,No,Maybe,Yes,Yes,High,No,Maybe,Yes,26692283,60858407,1
30-Above,Male,Others,31-60 days,Yes,Yes,Yes,No,No,High,No,Yes,Maybe,53384566,16015369,0
20-25,Female,Housewife,1-14 days,Yes,Yes,No,Yes,No,Low,Yes,No,Yes,73403776,81678391,0
30-Above,Male,Others,31-60 days,No,Maybe,No,Yes,No,High,No,No,No,26692283,28203066,0
16-20,Female,Business,Go out Every day,Maybe,Yes,Yes,Maybe,Yes,Low,No,Yes,Yes,26692283,85041618,0
20-25,Female,Others,15-30 days,Yes,Maybe,Maybe,Yes,No,High,No,Maybe,Yes,21353826,54452259,0
16-20,Male,Business,31-60 days,No,No,No,No,Maybe,Low,Yes,No,No,26692283,28203066,0
30-Above,Male,Student,15-30 days,Yes,No,Maybe,Maybe,Yes,High,No,Maybe,No,28694205,28603451,1
25-30,Male,Corporate,31-60 days,Maybe,Yes,Yes,No,Maybe,Medium,No,Yes,Yes,57388411,68385628,1
20-25,Male,Housewife,1-14 days,Maybe,No,No,Maybe,No,Low,Yes,No,Yes,25357668,56053796,0
16-20,Male,Student,Go out Every day,Yes,No,Yes,No,No,Medium,No,Maybe,Maybe,53384566,41639961,0
30-Above,Female,Housewife,15-30 days,No,Maybe,Maybe,Maybe,Maybe,Low,Yes,Yes,No,13346142,49647648,1
25-30,Female,Others,31-60 days,No,No,Maybe,Maybe,Maybe,High,Yes,Maybe,No,53384566,25384361,0
30-Above,Male,Corporate,31-60 days,Maybe,Maybe,Yes,Yes,No,Medium,No,Yes,No,20019212,42921192,0
20-25,Female,Student,1-14 days,No,No,Yes,Yes,No,Medium,No,Yes,Yes,80076849,16495831,0
25-30,Female,Student,1-14 days,Yes,No,No,Maybe,Maybe,High,No,Maybe,Maybe,60057635,736707,0
16-20,Female,Student,More than 2 months,Yes,Yes,Yes,Maybe,No,Medium,Yes,Yes,No,10543451,53811642,0
30-Above,Female,Housewife,Go out Every day,Maybe,Yes,Yes,Yes,Yes,Low,Yes,Maybe,Yes,14413833,47085186,0
20-25,Male,Others,15-30 days,Maybe,Maybe,No,Yes,No,High,No,Yes,Maybe,52049952,16415754,0
30-Above,Female,Others,31-60 days,Maybe,Maybe,Maybe,Yes,No,Medium,Yes,Maybe,Yes,34166121,12780265,0
20-25,Male,Corporate,1-14 days,No,Yes,Yes,No,Yes,Low,Yes,No,Yes,56053796,75272241,0
30-Above,Female,Student,1-14 days,No,Maybe,No,Yes,Yes,Medium,No,Maybe,No,21754211,5123317,0
30-Above,Female,Housewife,31-60 days,Maybe,Yes,Yes,Yes,Maybe,Medium,Yes,Maybe,Maybe,26692283,28203066,0
16-20,Male,Business,1-14 days,Yes,Yes,Maybe,No,Maybe,Medium,No,Maybe,Maybe,41373043,7094809,0
25-30,Female,Others,More than 2 months,Yes,Yes,Maybe,Maybe,No,High,Yes,Maybe,Yes,26692283,28203066,1
20-25,Male,Student,31-60 days,Yes,No,Yes,Yes,No,Medium,No,No,No,21086905,25640608,0
16-20,Male,Housewife,1-14 days,No,Yes,Yes,No,No,High,Yes,No,Yes,26692283,28203066,0
25-30,Male,Others,31-60 days,No,Yes,Yes,Maybe,Maybe,Low,No,Maybe,Maybe,22688441,16976292,0
16-20,Female,Student,15-30 days,No,Maybe,Yes,No,Yes,Low,No,Maybe,Maybe,26692283,28203066,0
30-Above,Female,Business,31-60 days,No,Yes,Yes,Maybe,Maybe,Medium,Yes,Yes,Maybe,42440729,15214602,1
16-20,Female,Housewife,More than 2 months,No,Yes,Maybe,Maybe,Yes,Medium,No,No,No,69399939,70467629,0
25-30,Female,Business,1-14 days,Maybe,Yes,Yes,No,Yes,Medium,Yes,Maybe,Yes,26692283,54452259,1
25-30,Female,Business,1-14 days,Yes,No,Yes,No,Yes,Medium,Yes,Yes,Yes,64862247,16495831,0
25-30,Male,Corporate,More than 2 months,Yes,Yes,No,Maybe,Maybe,Low,No,Maybe,No,26692283,13773218,0
16-20,Male,Others,31-60 days,No,Yes,Yes,No,Maybe,Medium,Yes,Maybe,No,20019212,49727722,0
16-20,Male,Student,Go out Every day,Maybe,Yes,Maybe,Yes,Maybe,High,No,Maybe,Maybe,1601537,43241501,1
16-20,Female,Student,15-30 days,Maybe,No,No,No,No,Low,Yes,No,Maybe,1245195,40198578,0
30-Above,Male,Business,1-14 days,Yes,No,Maybe,No,No,High,Yes,Maybe,Yes,26692283,28203066,0
16-20,Male,Corporate,Go out Every day,No,Yes,Yes,No,No,Low,Yes,Maybe,Maybe,26692283,28203066,0
20-25,Male,Others,1-14 days,No,No,Yes,No,Maybe,Low,No,Maybe,No,26692283,28203066,0
30-Above,Male,Business,15-30 days,No,No,Yes,Yes,No,Medium,Yes,No,No,76073008,20499674,0
20-25,Male,Others,1-14 days,Maybe,No,Maybe,Yes,Maybe,Medium,No,No,Maybe,12011528,39237656,0
30-Above,Female,Others,More than 2 months,Yes,Maybe,No,Maybe,Maybe,High,Yes,No,No,58723027,59256868,0
25-30,Male,Student,More than 2 months,No,Maybe,Maybe,Yes,Yes,Low,Yes,Yes,Maybe,26692283,28203066,0
25-30,Female,Corporate,31-60 days,Yes,Yes,No,Maybe,No,Low,No,Maybe,No,20686522,61931435,0
25-30,Female,Others,31-60 days,Yes,No,Yes,No,No,Medium,No,Yes,Maybe,93422985,49375385,0
16-20,Female,Housewife,More than 2 months,Maybe,Yes,No,Maybe,Yes,Low,Yes,Yes,Yes,26692283,28203066,0
30-Above,Male,Others,1-14 days,Maybe,No,Yes,No,No,Low,No,Yes,No,14013449,10249837,1
30-Above,Female,Student,Go out Every day,No,Yes,Maybe,No,Yes,High,Yes,Maybe,Maybe,26692283,28203066,0
25-30,Female,Housewife,1-14 days,Yes,Yes,Maybe,Maybe,Yes,Medium,Yes,Yes,No,93422991,13693141,0
30-Above,Female,Others,1-14 days,Yes,Yes,No,No,No,High,Yes,Maybe,Yes,73136854,40198578,0
16-20,Male,Student,1-14 days,No,Maybe,Yes,No,Yes,High,Yes,Maybe,Maybe,26692283,28203066,0
20-25,Male,Business,31-60 days,Yes,Maybe,Maybe,Yes,No,Low,Yes,Yes,Yes,3203074,13661111,1
30-Above,Male,Housewife,15-30 days,Yes,Yes,Yes,Yes,Maybe,Low,Yes,Yes,No,26692283,28203066,0
30-Above,Male,Housewife,1-14 days,No,Yes,Yes,No,Maybe,High,Yes,Yes,Maybe,26692283,28203066,1
16-20,Male,Others,1-14 days,No,No,Yes,No,No,Medium,Yes,Maybe,No,83413382,4956757,0
16-20,Female,Student,Go out Every day,No,Maybe,No,Maybe,No,Low,Yes,Maybe,No,36835351,36643166,0
25-30,Female,Housewife,15-30 days,Maybe,No,Yes,No,Maybe,Low,No,No,No,60057635,33792431,0
25-30,Female,Housewife,1-14 days,Yes,Maybe,Yes,Yes,Yes,Medium,Yes,Yes,Maybe,26692283,28203066,0
16-20,Female,Business,31-60 days,No,Yes,Maybe,Maybe,Maybe,High,Yes,Maybe,No,20019212,12812296,0
20-25,Male,Others,Go out Every day,No,Maybe,Yes,Yes,No,High,No,Maybe,Maybe,26692283,28203066,1
20-25,Male,Business,Go out Every day,Yes,No,No,No,Maybe,High,Yes,No,No,10676913,30429204,0
25-30,Female,Student,31-60 days,No,Maybe,Yes,No,No,Medium,Yes,Maybe,Maybe,26692283,11531066,0
16-20,Female,Housewife,Go out Every day,No,Maybe,Maybe,No,No,Medium,No,Maybe,Maybe,26692283,30108896,0
16-20,Female,Housewife,15-30 days,Maybe,No,No,Maybe,No,Medium,Yes,No,Yes,11063951,69778969,0
16-20,Male,Corporate,Go out Every day,Yes,No,Yes,Maybe,Maybe,High,Yes,Yes,Maybe,26692283,13773218,0
16-20,Male,Corporate,31-60 days,Yes,Yes,Maybe,No,Maybe,High,No,No,Maybe,43775347,11130682,0
16-20,Female,Corporate,Go out Every day,No,No,No,Maybe,Yes,Medium,No,Maybe,No,15348064,83279924,0
30-Above,Female,Student,More than 2 months,Yes,Maybe,Yes,No,No,Medium,No,Maybe,Maybe,76740313,70067245,0
16-20,Female,Student,31-60 days,Yes,Maybe,Maybe,Yes,No,Low,No,No,Maybe,62726865,3331197,1
16-20,Male,Student,15-30 days,Maybe,Maybe,Yes,Yes,Yes,Medium,Yes,No,Yes,1601537,31229971,0
16-20,Male,Student,More than 2 months,Maybe,Yes,Yes,Yes,No,Low,No,No,Yes,13025835,65663018,0
30-Above,Male,Business,1-14 days,No,Yes,Yes,No,Yes,Low,Yes,No,Yes,93422991,16495831,0
20-25,Female,Business,31-60 days,No,Yes,Maybe,Maybe,No,Medium,Yes,No,Yes,26692283,19618828,0
20-25,Female,Student,31-60 days,Maybe,Maybe,Yes,Maybe,Yes,Low,Yes,Maybe,No,2936151,58616253,0
20-25,Male,Student,More than 2 months,No,Yes,Maybe,Maybe,Maybe,High,Yes,Maybe,Yes,75405703,73510551,0
16-20,Male,Corporate,15-30 days,Yes,Maybe,Maybe,Yes,No,Medium,No,Maybe,Maybe,30802896,60858407,0
20-25,Female,Corporate,31-60 days,Yes,Maybe,No,Maybe,Yes,Medium,Yes,Yes,Yes,27759975,15214602,0
20-25,Male,Business,15-30 days,No,Maybe,No,Yes,Yes,Medium,No,Maybe,Yes,10543453,5365149,0
30-Above,Female,Others,More than 2 months,No,No,Yes,Yes,Maybe,High,Yes,No,Yes,26692283,28203066,0
16-20,Male,Housewife,Go out Every day,No,Maybe,Yes,No,No,Low,Yes,No,Yes,26692283,28203066,0
20-25,Female,Student,Go out Every day,Maybe,Maybe,No,Maybe,Yes,Medium,Yes,No,No,22421517,20499674,0
25-30,Male,Student,Go out Every day,Yes,Maybe,No,No,No,High,No,No,No,12011527,16736061,0
20-25,Male,Student,Go out Every day,Maybe,Maybe,No,Yes,Maybe,High,No,No,Yes,68065324,736707,0
30-Above,Male,Housewife,More than 2 months,Maybe,No,Maybe,No,Yes,High,No,Maybe,Maybe,80076847,23286348,0
16-20,Female,Others,15-30 days,Yes,Yes,No,Maybe,No,Low,No,No,Yes,15334717,52370258,1
25-30,Male,Student,1-14 days,No,Maybe,Maybe,Yes,Yes,High,Yes,Maybe,No,66730708,17376677,0
20-25,Male,Student,1-14 days,No,No,Maybe,No,Yes,High,No,Maybe,Yes,73804164,1601537,0
20-25,Female,Student,Go out Every day,Yes,Yes,Yes,Maybe,Maybe,Low,Yes,Yes,Yes,1601537,10970529,0
16-20,Female,Business,Go out Every day,Yes,Yes,No,No,Yes,Medium,Yes,Maybe,Maybe,12011528,10249837,0
16-20,Male,Student,15-30 days,Yes,No,Yes,Maybe,Maybe,Medium,Yes,Maybe,No,53918409,69666858,0
16-20,Female,Housewife,Go out Every day,No,Yes,No,No,No,Medium,No,No,Maybe,18684598,26505438,1
16-20,Male,Corporate,1-14 days,Maybe,Yes,Maybe,No,Yes,High,No,No,No,73403776,76073008,1
25-30,Male,Housewife,More than 2 months,No,Maybe,No,Maybe,Maybe,High,Yes,No,Maybe,26692283,28203066,0
20-25,Male,Others,31-60 days,Maybe,Yes,Yes,No,Yes,Low,No,Maybe,Maybe,20286135,84881458,0
20-25,Female,Housewife,Go out Every day,Maybe,Yes,Maybe,Yes,Maybe,Low,Yes,Yes,Maybe,46711493,65983322,0
30-Above,Male,Corporate,More than 2 months,Maybe,No,Yes,No,No,Low,No,Yes,Maybe,28293822,28747589,0
25-30,Male,Student,1-14 days,Maybe,No,Yes,No,No,Low,No,Maybe,Maybe,66730709,26105053,0
16-20,Female,Student,15-30 days,Maybe,Yes,Maybe,No,Yes,High,No,Yes,No,15935293,50096077,0
16-20,Male,Housewife,15-30 days,Maybe,Yes,Maybe,Maybe,Maybe,Low,No,No,Maybe,14680755,78155006,0
30-Above,Male,Housewife,31-60 days,Yes,Yes,No,Yes,Maybe,Medium,No,Yes,Maybe,13346142,3843689,0
25-30,Female,Student,15-30 days,No,Maybe,Yes,Yes,Maybe,Medium,Yes,Yes,Maybe,26692283,28203066,0
25-30,Male,Housewife,More than 2 months,No,No,Maybe,Maybe,Maybe,Medium,No,Yes,No,53384566,10714282,0
20-25,Male,Business,More than 2 months,Maybe,No,Yes,Maybe,Maybe,Medium,No,No,No,26692283,14413833,1
25-30,Male,Housewife,Go out Every day,No,Maybe,Maybe,No,Yes,High,No,Yes,Maybe,15348064,19859058,0
30-Above,Male,Housewife,31-60 days,Maybe,Yes,Yes,No,Maybe,High,No,No,Maybe,26692283,28203066,0
16-20,Female,Others,Go out Every day,Maybe,No,Yes,Yes,No,High,Yes,Yes,No,80076847,22021133,0
30-Above,Female,Student,More than 2 months,Maybe,Maybe,Maybe,No,No,Medium,Yes,No,No,1601537,20819981,0
16-20,Male,Others,31-60 days,No,Maybe,No,No,Yes,Low,Yes,Maybe,Maybe,26692283,28203066,0
20-25,Male,Business,31-60 days,No,Maybe,No,Maybe,Yes,High,Yes,No,No,26692283,28203066,0
20-25,Male,Student,31-60 days,Yes,Maybe,Maybe,Maybe,Maybe,Low,No,Yes,Yes,26692283,28267128,0
25-30,Male,Business,More than 2 months,Yes,Yes,Yes,Maybe,No,Medium,No,No,Maybe,26692283,17616907,0
16-20,Female,Student,1-14 days,No,Yes,Yes,No,No,Low,Yes,Maybe,Maybe,36701891,26265207,0
25-30,Female,Student,15-30 days,No,Yes,Maybe,Yes,No,Medium,Yes,Maybe,No,26692283,28203066,1
30-Above,Female,Housewife,Go out Every day,Yes,Maybe,No,No,No,Low,No,No,Yes,26692283,15294679,1
25-30,Male,Student,Go out Every day,Maybe,Yes,Maybe,No,Maybe,High,Yes,Maybe,No,10676913,17937214,0
20-25,Male,Others,Go out Every day,Yes,No,Yes,No,Maybe,Medium,Yes,No,Maybe,53384566,12652143,0
30-Above,Female,Housewife,1-14 days,Yes,Yes,No,Yes,Maybe,High,No,Yes,Yes,18417675,1345291,0
30-Above,Male,Corporate,15-30 days,No,Maybe,No,Maybe,Yes,Medium,No,Maybe,No,1321268,12139651,0
25-30,Female,Others,Go out Every day,Yes,No,Maybe,No,Maybe,High,Yes,Maybe,No,26692283,28203066,0
25-30,Male,Student,31-60 days,Yes,Maybe,Maybe,Maybe,No,High,No,Yes,Maybe,80076851,93689919,0
16-20,Male,Housewife,Go out Every day,No,Maybe,No,Yes,Yes,Medium,No,No,Maybe,26024976,14413833,0
16-20,Male,Student,1-14 days,No,No,No,No,No,Low,Yes,Yes,Maybe,93422991,1145099,0
16-20,Male,Business,More than 2 months,Maybe,Maybe,Maybe,Maybe,Maybe,Low,No,No,Maybe,20019212,10650221,1
25-30,Female,Student,1-14 days,Maybe,No,Maybe,Maybe,Yes,Low,No,Yes,No,86749923,21780903,0
16-20,Male,Housewife,15-30 days,Maybe,Yes,No,Yes,Yes,Medium,No,No,Maybe,26692283,28203066,0
16-20,Female,Corporate,Go out Every day,Yes,No,No,No,No,Medium,Yes,Maybe,Maybe,26692283,12011527,1
16-20,Female,Student,More than 2 months,Yes,Maybe,Maybe,Maybe,Maybe,High,No,Maybe,No,26692283,28203066,0
30-Above,Female,Others,More than 2 months,Yes,Maybe,No,Yes,Yes,Medium,No,No,No,44042268,78475313,0
30-Above,Male,Business,15-30 days,Yes,No,Maybe,Yes,Maybe,High,No,No,No,26692283,28203066,0
25-30,Male,Student,Go out Every day,Maybe,No,Maybe,No,Maybe,High,No,Yes,No,62726865,58776409,1
25-30,Male,Corporate,1-14 days,Maybe,No,Maybe,Maybe,No,Low,No,Yes,Maybe,40038424,49647646,0
20-25,Female,Business,15-30 days,Maybe,Yes,No,Yes,Yes,Medium,Yes,No,Yes,38703811,18289553,1
25-30,Male,Student,31-60 days,Maybe,No,Yes,Maybe,Yes,High,Yes,Yes,Maybe,26692283,28203066,0
16-20,Female,Housewife,Go out Every day,Maybe,Yes,Yes,No,No,Medium,No,No,No,20019213,32831509,0
30-Above,Female,Others,1-14 days,Maybe,Maybe,Yes,Yes,Maybe,Medium,Yes,Maybe,No,25357668,52210106,0
30-Above,Male,Others,More than 2 months,Maybe,Yes,Maybe,Yes,Yes,High,Yes,Yes,No,26692283,28203066,0
20-25,Male,Student,More than 2 months,Yes,Maybe,Maybe,No,Maybe,Medium,Yes,Maybe,Maybe,2268844,5717487,1
16-20,Male,Corporate,31-60 days,No,No,Maybe,Yes,Maybe,Medium,Yes,No,Yes,3203074,24343363,0
20-25,Male,Corporate,Go out Every day,No,Yes,No,Yes,Yes,Medium,No,Yes,Maybe,50715337,29788588,0
20-25,Male,Others,1-14 days,Yes,Yes,No,Yes,Maybe,Low,No,Maybe,Maybe,11611143,24023054,0
20-25,Male,Student,More than 2 months,Yes,Maybe,Maybe,No,Yes,High,Yes,Yes,Maybe,26692283,2642536,0
16-20,Male,Business,15-30 days,No,No,Maybe,No,Maybe,Low,Yes,No,Maybe,28694205,20659828,0
30-Above,Female,Others,15-30 days,No,No,No,No,Yes,Low,Yes,No,Maybe,26692283,28203066,0
,,,,,,,,,,,,,26692283,28203066,0
,,,,,,,,,,,,,40038425,13613065,0
,,,,,,,,,,,,,37903044,48046112,0
,,,,,,,,,,,,,66730709,64702095,1
,,,,,,,,,,,,,26692283,28203066,0
,,,,,,,,,,,,,19805674,88404846,1
,,,,,,,,,,,,,26692283,28203066,0
,,,,,,,,,,,,,26692283,28203066,0
,,,,,,,,,,,,,26692283,28203066,1
,,,,,,,,,,,,,3203074,39237656,0
,,,,,,,,,,,,,37502658,25304285,0
,,,,,,,,,,,,,26692283,28203066,0
,,,,,,,,,,,,,17349985,35073662,0
,,,,,,,,,,,,,24023054,47773849,0
,,,,,,,,,,,,,92088375,40518887,0
,,,,,,,,,,,,,14680755,61018558,0
,,,,,,,,,,,,,53384566,42600883,0
,,,,,,,,,,,,,21620749,2722613,0
,,,,,,,,,,,,,26692283,28203066,1
,,,,,,,,,,,,,26692283,10986544,0
,,,,,,,,,,,,,28026898,23062132,0
,,,,,,,,,,,,,32497857,64541941,0
,,,,,,,,,,,,,53384566,96092224,0
,,,,,,,,,,,,,66730708,54452257,1
,,,,,,,,,,,,,1134422,2033952,0
,,,,,,,,,,,,,10676913,89686069,0
,,,,,,,,,,,,,25357668,43433685,0
,,,,,,,,,,,,,66730708,23862902,0
,,,,,,,,,,,,,1601537,16976292,0
,,,,,,,,,,,,,10076337,26745668,1
,,,,,,,,,,,,,26692283,28203066,0
,,,,,,,,,,,,,13346142,88084536,0
,,,,,,,,,,,,,46444573,3071748,0
,,,,,,,,,,,,,46711493,12812296,0
,,,,,,,,,,,,,76073008,53171028,0
,,,,,,,,,,,,,26692283,28203066,0
,,,,,,,,,,,,,26692283,1321268,0
,,,,,,,,,,,,,28026898,58007671,0
,,,,,,,,,,,,,26692283,28203066,1
,,,,,,,,,,,,,26692283,28203066,0
,,,,,,,,,,,,,26692283,28203066,0
,,,,,,,,,,,,,24156517,21140289,1
,,,,,,,,,,,,,10676913,46124264,0
,,,,,,,,,,,,,26692283,22421518,0
,,,,,,,,,,,,,80076849,65663018,0
,,,,,,,,,,,,,34833429,14573987,0
,,,,,,,,,,,,,33765738,11771297,0
,,,,,,,,,,,,,12358527,40839195,0
,,,,,,,,,,,,,26692283,28203066,1
,,,,,,,,,,,,,26692283,28203066,0
,,,,,,,,,,,,,20019212,19859058,0
,,,,,,,,,,,,,13346142,80076847,0
,,,,,,,,,,,,,15348064,10089683,0
,,,,,,,,,,,,,26692283,16335678,0
,,,,,,,,,,,,,10009606,51089029,0
,,,,,,,,,,,,,26692283,28203066,0
,,,,,,,,,,,,,16415755,14173602,1
,,,,,,,,,,,,,26692283,28203066,0
,,,,,,,,,,,,,48046112,35073662,0
,,,,,,,,,,,,,18684598,52049953,1
,,,,,,,,,,,,,26692283,28203066,0
,,,,,,,,,,,,,26692283,1601537,0
,,,,,,,,,,,,,26692283,28203066,0
,,,,,,,,,,,,,14680755,10089684,0
,,,,,,,,,,,,,26692283,28203066,0
,,,,,,,,,,,,,26692283,28203066,1
,,,,,,,,,,,,,33365355,13789233,0
,,,,,,,,,,,,,26692283,28203066,0
,,,,,,,,,,,,,10676913,14413833,0
,,,,,,,,,,,,,3203074,25464437,1
,,,,,,,,,,,,,24023056,56053796,0
,,,,,,,,,,,,,88084536,1040999,0
,,,,,,,,,,,,,78742236,10810375,0
,,,,,,,,,,,,,1601537,28267128,0
,,,,,,,,,,,,,24289978,27786667,0
,,,,,,,,,,,,,74738393,43305561,0
,,,,,,,,,,,,,26692283,28203066,0
,,,,,,,,,,,,,80076849,59641239,0
,,,,,,,,,,,,,13346142,12171681,0
,,,,,,,,,,,,,18684598,15534909,0
,,,,,,,,,,,,,26692283,28203066,0
,,,,,,,,,,,,,26692283,28203066,0
,,,,,,,,,,,,,68065324,36915428,0
,,,,,,,,,,,,,44042268,86483002,0
,,,,,,,,,,,,,26692283,28203066,0
,,,,,,,,,,,,,16533201,88645073,1
,,,,,,,,,,,,,338992,68866089,0
,,,,,,,,,,,,,42707653,16495831,0
,,,,,,,,,,,,,26692283,28203066,0
,,,,,,,,,,,,,27226129,46124264,1
,,,,,,,,,,,,,12678834,59256868,0
,,,,,,,,,,,,,26692283,28203066,0
,,,,,,,,,,,,,28026898,56774487,0
,,,,,,,,,,,,,26692283,28203066,0
,,,,,,,,,,,,,26692283,28203066,0
,,,,,,,,,,,,,13613065,27866743,0
,,,,,,,,,,,,,66730708,22741825,0
,,,,,,,,,,,,,30696127,15695063,0
,,,,,,,,,,,,,26692283,28203066,1
,,,,,,,,,,,,,25357668,975336,0
,,,,,,,,,,,,,46444573,37155659,0
,,,,,,,,,,,,,44042268,12011527,0
,,,,,,,,,,,,,1601537,18417675,0
,,,,,,,,,,,,,53384566,42600883,0
,,,,,,,,,,,,,26692283,28203066,0
,,,,,,,,,,,,,33365355,31229971,0
,,,,,,,,,,,,,2642536,37075581,0
,,,,,,,,,,,,,26692283,28203066,0
,,,,,,,,,,,,,26692283,28203066,0
,,,,,,,,,,,,,26692283,28203066,1
,,,,,,,,,,,,,26692283,22421517,0
,,,,,,,,,,,,,93422991,20019213,0
,,,,,,,,,,,,,60057635,32671356,0
,,,,,,,,,,,,,17616907,36515045,1
,,,,,,,,,,,,,66730709,39878273,0
,,,,,,,,,,,,,86749923,13613065,0
,,,,,,,,,,,,,53384566,60858407,0
,,,,,,,,,,,,,53117642,67312599,0
,,,,,,,,,,,,,33365355,54292103,0
,,,,,,,,,,,,,26692283,28203066,0
,,,,,,,,,,,,,26692283,28203066,0
,,,,,,,,,,,,,10009606,30429203,1
,,,,,,,,,,,,,70067244,24983976,0
,,,,,,,,,,,,,66997629,24535547,0
,,,,,,,,,,,,,13879987,65823169,0
,,,,,,,,,,,,,26692283,47405496,0
,,,,,,,,,,,,,10676913,10409991,1
,,,,,,,,,,,,,26692283,28203066,0
,,,,,,,,,,,,,45376883,32351048,0
,,,,,,,,,,,,,15348064,78155006,0
,,,,,,,,,,,,,20886711,15663032,0
,,,,,,,,,,,,,88885307,59256868,0
,,,,,,,,,,,,,26692283,28203066,0
,,,,,,,,,,,,,68786016,26985899,0
,,,,,,,,,,,,,11584451,95291452,0
,,,,,,,,,,,,,26692283,28203066,0
,,,,,,,,,,,,,22688441,38436887,0
,,,,,,,,,,,,,26692283,28203066,1
,,,,,,,,,,,,,15348064,23942978,0
,,,,,,,,,,,,,62726867,31358095,0
,,,,,,,,,,,,,26692283,28203066,0
,,,,,,,,,,,,,10676913,12892373,0
,,,,,,,,,,,,,26692283,28203066,0
,,,,,,,,,,,,,42974577,83279924,0
,,,,,,,,,,,,,56053796,45563728,0
,,,,,,,,,,,,,26692283,28203066,0
,,,,,,,,,,,,,49380727,81037773,0
,,,,,,,,,,,,,80076849,64061478,1
,,,,,,,,,,,,,66730709,35233814,0
,,,,,,,,,,,,,26692283,28203066,0
,,,,,,,,,,,,,26692283,28203066,1
,,,,,,,,,,,,,80076849,59256868,0
,,,,,,,,,,,,,26692283,28203066,0
,,,,,,,,,,,,,26692283,28203066,1
,,,,,,,,,,,,,72069162,98814831,1
,,,,,,,,,,,,,45376883,18770014,0
,,,,,,,,,,,,,26692283,12011527,0
,,,,,,,,,,,,,17216522,34513123,0
,,,,,,,,,,,,,45376883,68545784,0
,,,,,,,,,,,,,93422991,89686069,0
,,,,,,,,,,,,,26692283,28203066,0
,,,,,,,,,,,,,29895357,75784729,0
,,,,,,,,,,,,,2936151,6662394,0
,,,,,,,,,,,,,26692283,28203066,0
,,,,,,,,,,,,,50715337,10506083,0
,,,,,,,,,,,,,11677875,56294025,0
,,,,,,,,,,,,,26692283,28203066,0
,,,,,,,,,,,,,26692283,28203066,0
,,,,,,,,,,,,,27759974,24951946,1
,,,,,,,,,,,,,20686522,22741825,0
,,,,,,,,,,,,,43908806,11931451,0
,,,,,,,,,,,,,26692283,28203066,0
,,,,,,,,,,,,,17349985,17969246,0
,,,,,,,,,,,,,26692283,28203066,0
,,,,,,,,,,,,,93422985,30909664,0
,,,,,,,,,,,,,21353827,40198578,0
,,,,,,,,,,,,,26692283,6934655,0
,,,,,,,,,,,,,56053796,1905829,0
,,,,,,,,,,,,,22688441,36995506,0
,,,,,,,,,,,,,26692283,28203066,0
,,,,,,,,,,,,,38703811,30669434,0
,,,,,,,,,,,,,14013449,83279924,0
,,,,,,,,,,,,,26692283,28203066,0
,,,,,,,,,,,,,26692283,28203066,0
,,,,,,,,,,,,,3203074,35233815,0
,,,,,,,,,,,,,89419146,19378597,0
,,,,,,,,,,,,,25357668,20819981,0
,,,,,,,,,,,,,18684598,45884033,0
,,,,,,,,,,,,,33365355,63180634,0
,,,,,,,,,,,,,30696127,31229971,1
,,,,,,,,,,,,,26692283,28203066,0
,,,,,,,,,,,,,26692283,28203066,0
,,,,,,,,,,,,,3203074,10890451,0
,,,,,,,,,,,,,26692283,28203066,0
,,,,,,,,,,,,,20019213,96092224,0
,,,,,,,,,,,,,26692283,28203066,0
,,,,,,,,,,,,,73403776,38757195,1
,,,,,,,,,,,,,11611143,16319662,0
,,,,,,,,,,,,,20019212,96092224,1
,,,,,,,,,,,,,26692283,28203066,0
,,,,,,,,,,,,,37075581,23991025,0
,,,,,,,,,,,,,25491131,11322867,0
,,,,,,,,,,,,,32097469,45643803,0
,,,,,,,,,,,,,43374963,44442654,0
,,,,,,,,,,,,,80076849,70467629,0
,,,,,,,,,,,,,14680755,22581671,0
,,,,,,,,,,,,,2162075,29468281,0
,,,,,,,,,,,,,72069162,97693758,0
,,,,,,,,,,,,,93422991,33632276,1
,,,,,,,,,,,,,66730708,48046112,0
,,,,,,,,,,,,,14013449,69666858,1
,,,,,,,,,,,,,36034582,39381794,0
,,,,,,,,,,,,,26692283,69987168,0
,,,,,,,,,,,,,50048032,30269049,0
,,,,,,,,,,,,,21353827,22421518,0
,,,,,,,,,,,,,4417573,11386928,0
,,,,,,,,,,,,,33365354,17616907,0
,,,,,,,,,,,,,57388411,16335678,0
,,,,,,,,,,,,,23889594,63100559,1
,,,,,,,,,,,,,21353827,67424706,0
,,,,,,,,,,,,,20019212,14413833,0
,,,,,,,,,,,,,26692283,30749509,0
,,,,,,,,,,,,,66730708,12011528,0
,,,,,,,,,,,,,26692283,28203066,0
,,,,,,,,,,,,,66730708,12251758,0
,,,,,,,,,,,,,66730708,30909664,1
,,,,,,,,,,,,,97426832,87283764,0
,,,,,,,,,,,,,26692283,28203066,0
,,,,,,,,,,,,,26692283,11210759,1
,,,,,,,,,,,,,2936151,19218445,0
,,,,,,,,,,,,,26692283,28203066,0
,,,,,,,,,,,,,26692283,28891727,0
,,,,,,,,,,,,,26692283,28203066,0
,,,,,,,,,,,,,13346142,75272241,0
,,,,,,,,,,,,,57388411,19186413,0
,,,,,,,,,,,,,26692283,28203066,0
,,,,,,,,,,,,,18444368,40182564,0
,,,,,,,,,,,,,26692283,28203066,0
,,,,,,,,,,,,,13346142,20819981,1
,,,,,,,,,,,,,26692283,28203066,0
,,,,,,,,,,,,,21086905,18978214,0
,,,,,,,,,,,,,26692283,28203066,0
,,,,,,,,,,,,,26692283,20499674,1
,,,,,,,,,,,,,36301506,32190895,0
,,,,,,,,,,,,,10676913,13933372,0
,,,,,,,,,,,,,46711496,12652143,0
,,,,,,,,,,,,,18017291,71268394,0
,,,,,,,,,,,,,61392255,19378597,0
,,,,,,,,,,,,,13346142,12972449,0
,,,,,,,,,,,,,26692283,28203066,0
,,,,,,,,,,,,,26692283,28203066,1
,,,,,,,,,,,,,26692283,28203066,0
,,,,,,,,,,,,,26692283,28203066,1
,,,,,,,,,,,,,26692283,28203066,0
,,,,,,,,,,,,,26692283,28203066,0
,,,,,,,,,,,,,54051876,23862902,0
,,,,,,,,,,,,,26692283,56053793,1
,,,,,,,,,,,,,12011528,3763612,1
,,,,,,,,,,,,,26692283,23382441,0
,,,,,,,,,,,,,92088375,23542593,0
,,,,,,,,,,,,,2936151,34032661,1
,,,,,,,,,,,,,13346142,96092218,0
,,,,,,,,,,,,,66997633,59256868,0
,,,,,,,,,,,,,26692283,9849453,1
,,,,,,,,,,,,,26692283,28203066,0
,,,,,,,,,,,,,47378802,78795624,0
,,,,,,,,,,,,,12011528,52850723,0
,,,,,,,,,,,,,18951522,46925034,0
,,,,,,,,,,,,,42707653,1169122,0
,,,,,,,,,,,,,1601537,98974991,0
,,,,,,,,,,,,,53384566,44522728,0
,,,,,,,,,,,,,37369196,27546436,0
,,,,,,,,,,,,,26692283,28203066,0
,,,,,,,,,,,,,93422994,59577175,0
,,,,,,,,,,,,,26692283,28203066,0
,,,,,,,,,,,,,26692283,28203066,0
,,,,,,,,,,,,,44576116,17072384,0
,,,,,,,,,,,,,50715337,21556688,0
,,,,,,,,,,,,,66730708,1145099,0
,,,,,,,,,,,,,1601537,90486841,0
,,,,,,,,,,,,,26692283,28203066,1
,,,,,,,,,,,,,27226129,20919276,0
,,,,,,,,,,,,,2936151,81838539,0
,,,,,,,,,,,,,26692283,28203066,1
,,,,,,,,,,,,,26692283,28203066,0
,,,,,,,,,,,,,73403776,22821901,0
,,,,,,,,,,,,,26692283,28203066,0
,,,,,,,,,,,,,26692283,28203066,0
,,,,,,,,,,,,,61392255,21300442,0
,,,,,,,,,,,,,46711496,88084536,0
,,,,,,,,,,,,,76073008,40935287,0
,,,,,,,,,,,,,56454177,28827665,0
,,,,,,,,,,,,,84080696,35666229,1
,,,,,,,,,,,,,24023056,48046108,0
,,,,,,,,,,,,,26692283,14413833,0
,,,,,,,,,,,,,26692283,28203066,0
,,,,,,,,,,,,,20019212,24023054,0
,,,,,,,,,,,,,16522522,51329262,0
,,,,,,,,,,,,,26692283,28106974,0
,,,,,,,,,,,,,10676913,42440731,0
,,,,,,,,,,,,,10009606,49887878,0
,,,,,,,,,,,,,2936151,84881458,0
,,,,,,,,,,,,,23756132,15855216,0
,,,,,,,,,,,,,26692283,51249185,0
,,,,,,,,,,,,,26692283,11210759,0
,,,,,,,,,,,,,20019212,46604725,0
,,,,,,,,,,,,,26692283,56053796,0
,,,,,,,,,,,,,38703811,22581671,0
,,,,,,,,,,,,,20019212,26265207,0
,,,,,,,,,,,,,26692283,28203066,0
,,,,,,,,,,,,,26692283,28203066,0
,,,,,,,,,,,,,56721101,33071739,0
,,,,,,,,,,,,,13346142,29548357,0
,,,,,,,,,,,,,25784746,7799485,0
,,,,,,,,,,,,,26692283,28203066,1
,,,,,,,,,,,,,25224209,84881458,0
,,,,,,,,,,,,,10676913,13725172,0
,,,,,,,,,,,,,26692283,28203066,0
,,,,,,,,,,,,,87417221,3614669,1
,,,,,,,,,,,,,44843035,12283789,0
,,,,,,,,,,,,,7420455,19971167,0
,,,,,,,,,,,,,26692283,76153084,0
,,,,,,,,,,,,,16015369,87283764,1
,,,,,,,,,,,,,86082611,56053796,0
,,,,,,,,,,,,,14947679,50928875,0
,,,,,,,,,,,,,38703811,2642536,0
,,,,,,,,,,,,,76339931,49855846,0
,,,,,,,,,,,,,26692283,28203066,0
,,,,,,,,,,,,,26692283,28203066,1
,,,,,,,,,,,,,24023054,78475311,1
,,,,,,,,,,,,,26692283,28203066,0
,,,,,,,,,,,,,53384566,89686069,0
,,,,,,,,,,,,,1975229,85041618,0
,,,,,,,,,,,,,81945305,95291452,0
,,,,,,,,,,,,,40038424,47245342,0
,,,,,,,,,,,,,26692283,28203066,0
,,,,,,,,,,,,,26692283,18577829,0
,,,,,,,,,,,,,10676913,49487492,1
,,,,,,,,,,,,,26692283,70627785,0
,,,,,,,,,,,,,26692283,28203066,0
,,,,,,,,,,,,,26692283,28203066,1
,,,,,,,,,,,,,1601537,23302362,0
,,,,,,,,,,,,,16202215,25544516,0
,,,,,,,,,,,,,26692283,28203066,0
,,,,,,,,,,,,,26692283,28203066,0
,,,,,,,,,,,,,12812296,56534256,0
,,,,,,,,,,,,,26692283,28203066,0
,,,,,,,,,,,,,26692283,28203066,0
,,,,,,,,,,,,,12144989,46604725,1
,,,,,,,,,,,,,15348064,28026898,0
,,,,,,,,,,,,,26692283,28203066,0
,,,,,,,,,,,,,36301506,89686069,0
,,,,,,,,,,,,,14547294,28203066,0
,,,,,,,,,,,,,26692283,46444572,0
,,,,,,,,,,,,,26692283,28203066,0
,,,,,,,,,,,,,10116375,53010876,0
,,,,,,,,,,,,,46711493,46156296,0
,,,,,,,,,,,,,61392255,6406148,0
,,,,,,,,,,,,,26692283,28203066,0
,,,,,,,,,,,,,95291452,59417023,0
,,,,,,,,,,,,,18150753,25464437,1
,,,,,,,,,,,,,46711496,20980135,0
,,,,,,,,,,,,,80076847,11771297,0
,,,,,,,,,,,,,22440203,12812296,0
,,,,,,,,,,,,,26158435,26905821,0
,,,,,,,,,,,,,26692283,28203066,1
,,,,,,,,,,,,,26692283,28203066,0
,,,,,,,,,,,,,64595323,25704668,0
,,,,,,,,,,,,,26692283,28203066,0
,,,,,,,,,,,,,26692283,28203066,1
,,,,,,,,,,,,,56721101,24423439,0
,,,,,,,,,,,,,26692283,3331197,0
,,,,,,,,,,,,,35100353,29516327,0
,,,,,,,,,,,,,14814217,29628435,0
,,,,,,,,,,,,,26692283,6630363,0
,,,,,,,,,,,,,26692283,28203066,0
,,,,,,,,,,,,,26692283,28203066,0
,,,,,,,,,,,,,22154596,27546436,0
,,,,,,,,,,,,,39557965,25624592,0
,,,,,,,,,,,,,24556902,1905829,0
,,,,,,,,,,,,,19351906,59897485,0
,,,,,,,,,,,,,20553058,14573987,0
,,,,,,,,,,,,,4083252,76713623,0
,,,,,,,,,,,,,80076847,24983976,0
,,,,,,,,,,,,,64061475,37443935,0
,,,,,,,,,,,,,26692283,28203066,0
,,,,,,,,,,,,,17083061,10249837,1
,,,,,,,,,,,,,11677873,15214602,0
,,,,,,,,,,,,,54986105,11803328,0
,,,,,,,,,,,,,84080696,96092218,0
,,,,,,,,,,,,,26692283,28203066,0
,,,,,,,,,,,,,40038424,18689938,0
,,,,,,,,,,,,,26692283,28203066,0
,,,,,,,,,,,,,82212238,17344646,0
,,,,,,,,,,,,,26692283,28203066,0
,,,,,,,,,,,,,1494768,2722613,1
,,,,,,,,,,,,,40572273,25464437,0
,,,,,,,,,,,,,74738398,3843689,1
,,,,,,,,,,,,,14053487,15663032,0
,,,,,,,,,,,,,26692283,28203066,1
,,,,,,,,,,,,,26692283,1601537,1
,,,,,,,,,,,,,1279895,21796919,1
,,,,,,,,,,,,,26692283,28203066,0
,,,,,,,,,,,,,26692283,28203066,0
,,,,,,,,,,,,,26692283,28203066,0
,,,,,,,,,,,,,26692283,28203066,0
,,,,,,,,,,,,,26692283,28203066,0
,,,,,,,,,,,,,16682677,45643806,0
,,,,,,,,,,,,,26692283,28203066,1
,,,,,,,,,,,,,26692283,28203066,0
,,,,,,,,,,,,,38436887,57495178,0
,,,,,,,,,,,,,87777567,98414452,0
,,,,,,,,,,,,,26692283,28203066,0
,,,,,,,,,,,,,26692283,28203066,0
,,,,,,,,,,,,,26692283,28203066,0
,,,,,,,,,,,,,26692283,28203066,0
,,,,,,,,,,,,,21353827,88084536,0
,,,,,,,,,,,,,26692283,28203066,0
,,,,,,,,,,,,,10143068,42120422,1
,,,,,,,,,,,,,90353384,10970529,1
,,,,,,,,,,,,,46711493,27418314,0
,,,,,,,,,,,,,59390326,19955151,0
,,,,,,,,,,,,,47512269,82479156,0
,,,,,,,,,,,,,2642536,44843037,0
,,,,,,,,,,,,,99295282,4900703,0
,,,,,,,,,,,,,26692283,28203066,0
,,,,,,,,,,,,,26692283,28203066,0
,,,,,,,,,,,,,26692283,28203066,0
,,,,,,,,,,,,,1040999,52370258,0
,,,,,,,,,,,,,22631054,14293718,1
,,,,,,,,,,,,,53384566,3203074,0
,,,,,,,,,,,,,63527637,72389473,0
,,,,,,,,,,,,,26692283,28203066,0
,,,,,,,,,,,,,25624592,3843689,0
,,,,,,,,,,,,,66730709,43721962,0
,,,,,,,,,,,,,18551138,88084536,1
,,,,,,,,,,,,,26692283,28203066,1
,,,,,,,,,,,,,26692283,28203066,0
,,,,,,,,,,,,,2162075,11947466,0
,,,,,,,,,,,,,90753761,94490685,1
,,,,,,,,,,,,,26692283,28203066,0
,,,,,,,,,,,,,2562459,1169122,0
,,,,,,,,,,,,,26692283,28203066,0
,,,,,,,,,,,,,18150753,17696983,0
,,,,,,,,,,,,,26692283,28203066,0
,,,,,,,,,,,,,15321371,8568223,0
,,,,,,,,,,,,,47712455,12652143,0
,,,,,,,,,,,,,48846878,45835987,0
,,,,,,,,,,,,,49914566,12331835,0
,,,,,,,,,,,,,31229971,2138052,0
,,,,,,,,,,,,,13439565,47165264,1
,,,,,,,,,,,,,26692283,28203066,0
,,,,,,,,,,,,,38370154,1577514,0
,,,,,,,,,,,,,12812296,68385628,0
,,,,,,,,,,,,,26692283,15454832,0
,,,,,,,,,,,,,26692283,28203066,0
,,,,,,,,,,,,,26692283,28203066,0
,,,,,,,,,,,,,501548,83279924,0
,,,,,,,,,,,,,26692283,28203066,1
,,,,,,,,,,,,,89085493,18737984,0
,,,,,,,,,,,,,26692283,28203066,0
,,,,,,,,,,,,,52049952,17104416,0
,,,,,,,,,,,,,26692283,28203066,0
,,,,,,,,,,,,,26692283,28203066,0
,,,,,,,,,,,,,94223757,2722613,1
,,,,,,,,,,,,,26692283,28203066,0
,,,,,,,,,,,,,18017291,72069163,0
,,,,,,,,,,,,,40524223,36034584,0
,,,,,,,,,,,,,26692283,28203066,0
,,,,,,,,,,,,,15161217,46844955,0
,,,,,,,,,,,,,12011529,34913507,0
,,,,,,,,,,,,,47378802,35233814,0
,,,,,,,,,,,,,26692283,28203066,0
,,,,,,,,,,,,,26692283,28203066,0
,,,,,,,,,,,,,33365355,39878273,0
,,,,,,,,,,,,,24023058,53971798,0
,,,,,,,,,,,,,46658112,79996773,1
,,,,,,,,,,,,,26692283,28203066,0
,,,,,,,,,,,,,33098431,76553467,0
,,,,,,,,,,,,,96092218,22901979,0
,,,,,,,,,,,,,40038424,29147974,0
,,,,,,,,,,,,,26692283,28203066,0
,,,,,,,,,,,,,18684598,23302362,1
,,,,,,,,,,,,,15081141,76873773,0
,,,,,,,,,,,,,17136446,88084534,0
,,,,,,,,,,,,,61392255,30269049,0
,,,,,,,,,,,,,24023058,11210759,1
,,,,,,,,,,,,,19752291,33792431,0
,,,,,,,,,,,,,26692283,28203066,0
,,,,,,,,,,,,,24023058,20980135,0
,,,,,,,,,,,,,1414691,28026897,0
,,,,,,,,,,,,,26692283,28203066,0
,,,,,,,,,,,,,19218447,39718117,0
,,,,,,,,,,,,,26692283,31229971,0
,,,,,,,,,,,,,26692283,28203066,0
,,,,,,,,,,,,,72069163,16335678,1
,,,,,,,,,,,,,53491335,56854563,0
,,,,,,,,,,,,,21033521,24023054,0
,,,,,,,,,,,,,82746077,99295292,0
,,,,,,,,,,,,,26692283,46925034,0
,,,,,,,,,,,,,39371116,19827028,0
,,,,,,,,,,,,,18684597,32671356,0
,,,,,,,,,,,,,64061475,72069163,0
,,,,,,,,,,,,,26692283,28203066,0
,,,,,,,,,,,,,88191299,90006378,1
,,,,,,,,,,,,,6406148,96092218,1
,,,,,,,,,,,,,26692283,28203066,1
,,,,,,,,,,,,,33365355,3203074,1
,,,,,,,,,,,,,11210759,1231582,0
,,,,,,,,,,,,,26692283,51249185,0
,,,,,,,,,,,,,26692283,28203066,0
,,,,,,,,,,,,,23937639,23382441,0
,,,,,,,,,,,,,90219917,59465069,0
,,,,,,,,,,,,,16015369,52850723,1
,,,,,,,,,,,,,11744604,87283764,0
,,,,,,,,,,,,,21353827,10890451,0
,,,,,,,,,,,,,90753756,54516319,0
,,,,,,,,,,,,,26692283,28203066,0
,,,,,,,,,,,,,10089684,17616907,1
,,,,,,,,,,,,,26692283,28203066,0
,,,,,,,,,,,,,24023058,33392048,0
,,,,,,,,,,,,,28026898,40038424,0
,,,,,,,,,,,,,53384566,2162075,0
,,,,,,,,,,,,,26692283,28203066,0
,,,,,,,,,,,,,11477681,81678391,0
,,,,,,,,,,,,,10539447,22982056,1
,,,,,,,,,,,,,12411912,43481731,0
,,,,,,,,,,,,,10143068,48526569,0
,,,,,,,,,,,,,26692283,28203066,0
,,,,,,,,,,,,,93916788,49647646,0
,,,,,,,,,,,,,26692283,28203066,0
,,,,,,,,,,,,,24023058,93689911,0
,,,,,,,,,,,,,10676913,12812296,1
,,,,,,,,,,,,,10143068,13372834,0
,,,,,,,,,,,,,26692283,28203066,0
,,,,,,,,,,,,,53384566,16335678,0
,,,,,,,,,,,,,33365355,76873775,0
,,,,,,,,,,,,,19618828,22741825,0
,,,,,,,,,,,,,26692283,28203066,0
,,,,,,,,,,,,,74738393,55413181,0
,,,,,,,,,,,,,26692283,28203066,0
,,,,,,,,,,,,,26692283,28203066,0
,,,,,,,,,,,,,26692283,28203066,0
,,,,,,,,,,,,,85415304,48046112,1
,,,,,,,,,,,,,26692283,28203066,0
,,,,,,,,,,,,,35020279,12508004,0
,,,,,,,,,,,,,26692283,28203066,0
,,,,,,,,,,,,,26692283,28203066,0
,,,,,,,,,,,,,15348063,1040999,1
,,,,,,,,,,,,,26692283,28203066,0
,,,,,,,,,,,,,26692283,60858406,0
,,,,,,,,,,,,,36034581,11210759,0
,,,,,,,,,,,,,1601537,24503515,0
,,,,,,,,,,,,,22955362,39157581,0
,,,,,,,,,,,,,32698047,44843037,0
,,,,,,,,,,,,,66730709,39397812,0
,,,,,,,,,,,,,26692283,28203066,0
,,,,,,,,,,,,,41106119,96092224,0
,,,,,,,,,,,,,26692283,54452257,0
,,,,,,,,,,,,,53384566,56053795,1
,,,,,,,,,,,,,26692283,12796281,0
,,,,,,,,,,,,,41373043,38757195,0
,,,,,,,,,,,,,26692283,27594482,0
,,,,,,,,,,,,,93422995,40278656,1
,,,,,,,,,,,,,26692283,54452259,0
,,,,,,,,,,,,,16015369,12780265,0
,,,,,,,,,,,,,18978214,14093526,0
,,,,,,,,,,,,,46177654,31966679,0
,,,,,,,,,,,,,26692283,28203066,0
,,,,,,,,,,,,,1601537,19859058,0
,,,,,,,,,,,,,6406148,29147974,0
,,,,,,,,,,,,,80076847,37956429,0
,,,,,,,,,,,,,28560741,21524658,1
,,,,,,,,,,,,,22688444,14413833,0
,,,,,,,,,,,,,91421068,18417675,0
,,,,,,,,,,,,,26692283,28203066,0
,,,,,,,,,,,,,16015369,1577514,0
,,,,,,,,,,,,,45109959,43561806,0
,,,,,,,,,,,,,26692283,28203066,0
,,,,,,,,,,,,,76339927,75272241,0
,,,,,,,,,,,,,17883831,17616907,0
,,,,,,,,,,,,,19170399,45884033,0
,,,,,,,,,,,,,45376887,38757195,0
,,,,,,,,,,,,,26692283,28203066,1
,,,,,,,,,,,,,3203074,34593201,0
,,,,,,,,,,,,,26692283,28203066,0
,,,,,,,,,,,,,28026898,18337599,0
,,,,,,,,,,,,,12865682,24983976,0
,,,,,,,,,,,,,32030737,96892986,0
,,,,,,,,,,,,,10143068,56053795,0
,,,,,,,,,,,,,96092218,68866091,0
,,,,,,,,,,,,,26692283,28203066,1
,,,,,,,,,,,,,26692283,28203066,0
,,,,,,,,,,,,,68278861,19698906,0
,,,,,,,,,,,,,43241501,25944899,0
,,,,,,,,,,,,,26692283,28203066,0
,,,,,,,,,,,,,26692283,28203066,0
,,,,,,,,,,,,,14387141,17136446,0
,,,,,,,,,,,,,18471058,24823823,0
,,,,,,,,,,,,,77674545,325112,0
,,,,,,,,,,,,,26692283,28203066,0
,,,,,,,,,,,,,10476722,71588707,0
,,,,,,,,,,,,,12545372,56534257,1
,,,,,,,,,,,,,26692283,28203066,0
,,,,,,,,,,,,,10289875,10730298,0
